index,horizon,factor,spearman_ic,ic_t_stat,direction_win_rate,top_mean_ret,bottom_mean_ret,top_minus_bottom,obs
CSI1000,5,cf_crowding_mom20_beta_ratio_chg20,0.12471788021169423,6.389680563982578,0.5433101314771849,0.006249880773203495,-0.004180882345565294,0.010430763118768789,2586
CSI1000,5,cf_crowding_mom20_amount_ratio_chg20,0.11161474827085299,5.709394057243956,0.5425367362722351,0.00566738397747043,-0.002995893136560153,0.008663277114030582,2586
CSI1000,5,cf_crowding_mom20_vol_ratio_chg20,0.1068203392777341,5.46125216161659,0.5452436194895591,0.005490929081064636,-0.004126864915260064,0.0096177939963247,2586
CSI1000,5,cf_crowding_amount20_beta_ratio_chg20,0.1007396047343278,5.147086505612053,0.5340293890177881,0.0034582341350724295,-0.0036136424009445426,0.007071876536016972,2586
CSI1000,5,cf_crowding_amount20_beta_ratio,0.0800604549769985,4.082823744553044,0.5239752513534416,0.004046835776741454,-0.0022038933516502256,0.006250729128391679,2586
CSI1000,5,cf_crowding_mom20_beta_ratio,0.0786652123925448,4.0112238895808465,0.5239752513534416,0.005420333626600713,-0.002358532703166517,0.007778866329767231,2586
CSI1000,5,cf_crowding_amount20_vol_ratio_chg20,0.07720757309581124,3.936447340545133,0.517014694508894,0.0022215926447787288,-0.0015773415851046137,0.0037989342298833427,2586
CSI1000,5,cf_crowding_amount20_vol_ratio,0.0760823436412469,3.8787407303164874,0.5239752513534416,0.002528881554603262,-0.0013737980120016016,0.0039026795666048638,2586
CSI1000,5,cf_crowding_amount20_beta_ratio_z,0.07469638610836031,3.807683323654177,0.5177880897138438,0.00472408907893765,-0.0022867442371183357,0.007010833316055985,2586
CSI1000,5,cf_crowding_mom20_amount_ratio,0.07437728453941472,3.791326290581594,0.5239752513534416,0.0030666912664419925,-0.0025644154563150565,0.005631106722757049,2586
CSI1000,5,cf_crowding_mom20_beta_ratio_z,0.07297071337324931,3.719239840285217,0.5247486465583914,0.00532723651055328,-0.002386107620084741,0.007713344130638022,2586
CSI1000,5,cf_crowding_mom20_amount_ratio_z,0.07204564786982477,3.6718426347896966,0.5247486465583914,0.0028662880784706846,-0.0033302312358657903,0.0061965193143364745,2586
CSI1000,5,cf_crowding_mom20_vol_ratio,0.05879380383410629,2.9938478776845994,0.5239752513534416,0.005455905953592693,-0.000665992027770934,0.006121897981363627,2586
CSI1000,5,cf_crowding_amount20_amount_ratio,0.05763923914001943,2.934858176847675,0.5239752513534416,0.001438660612057647,-0.0009382490353378898,0.002376909647395537,2586
CSI1000,5,cf_crowding_amount20_vol_ratio_z,0.05585717676918609,2.8438311009615083,0.5158546017014695,0.0023710048010154652,-0.000765873711441461,0.0031368785124569263,2586
CSI1000,5,cf_limit_up_like_ratio_chg20,0.055349653540428125,2.81791203175219,0.5119876256767208,0.00390741853086178,-0.0025960749182487863,0.006503493449110566,2586
CSI1000,5,cf_crowding_amount20_amount_ratio_chg20,0.05523991131502449,2.812307815815342,0.5061871616395979,0.0015801059691955342,-0.0008720687332840983,0.0024521747024796323,2586
CSI1000,5,cf_limit_up_like_ratio,0.0535059500084048,2.723772894067985,0.520108275328693,0.0027640480536337097,-0.001991882154142545,0.004755930207776255,2586
CSI1000,5,cf_crowding_mom20_vol_ratio_z,0.04962637633555038,2.525772696273681,0.5212683681361175,0.005179259350754475,-0.0009941211181363002,0.006173380468890775,2586
CSI1000,5,cf_weighted_above_ma20_chg20,0.04507753166379267,2.293760503832691,0.5239752513534416,0.004236257969108556,-9.485184469404884e-05,0.004331109813802605,2586
CSI1000,5,cf_amount_ratio20_mean_z,0.04481850155432064,2.2805532062844187,0.5320959010054138,0.005400488665049675,-0.0008775431374214019,0.006278031802471077,2586
CSI1000,5,cf_spread_mom20_next_concentration_chg20,0.04430683560711942,2.2544659909463776,0.5363495746326373,0.0017051944006063198,-0.00271947454342858,0.004424668944034899,2586
CSI1000,5,cf_big_down_ratio_chg20,0.041825177688996025,2.1279638582182083,0.5092807424593968,0.0012416939208419184,0.0001098955887373717,0.0011317983321045468,2586
CSI1000,5,cf_crowding_amount20_amount_ratio_z,0.041824540458253026,2.127931380646385,0.5065738592420727,0.000831122381557658,9.186957135831344e-05,0.0007392528101993445,2586
CSI1000,5,cf_amount_concentration_top20,0.04073638737132441,2.0724755299716615,0.5239752513534416,0.0020419347892073024,0.0010462630144253647,0.0009956717747819377,2586
CSI1000,5,cf_amount_ratio20_mean_chg20,0.04011045998616273,2.0405795764241086,0.5204949729311679,0.004530411251949352,-0.0007360783869719595,0.005266489638921311,2586
CSI1000,5,cf_amount_concentration_top20_z,0.03955747725953843,2.012402733569237,0.5174013921113689,0.001594626537426777,0.0004871217774840325,0.0011075047599427444,2586
CSI1000,5,cf_big_down_ratio,0.039345218650665044,2.001587739883492,0.4980665119876257,0.0010989958214668684,0.0013620169905195607,-0.0002630211690526922,2586
CSI1000,5,cf_above_ma20_ratio_chg20,0.039089688038116466,1.9885683123529205,0.5185614849187935,0.004265552016871857,-0.0005128100884316959,0.004778362105303553,2586
CSI1000,5,cf_amount_concentration_top20_chg20,0.03905870602224464,1.9869897879381284,0.5185614849187935,0.001636105324659617,0.0013941257295480682,0.00024197959511154882,2586
CSI1000,5,cf_amount_ratio20_mean,0.038257887151612824,1.9461902849618404,0.5239752513534416,0.005987898733563651,-0.001156774006838851,0.007144672740402502,2586
CSI1000,5,cf_amount_ratio20_top20_z,0.037193346032005435,1.89196066451615,0.5220417633410673,0.005736699294397457,-0.0010748645205563027,0.00681156381495376,2586
CSI1000,5,cf_spread_mom20_next_concentration_z,0.03695101041888292,1.879616564778609,0.5177880897138438,0.0031769996181532202,-0.0011162591071297745,0.004293258725282995,2586
CSI1000,5,cf_amount_ratio20_top20_chg20,0.035898266262259795,1.8259956730953906,0.5158546017014695,0.004321968614121569,-0.0010246401903926095,0.0053466088045141785,2586
CSI1000,5,cf_limit_up_like_ratio_z,0.03457789320989906,1.7587518472783192,0.502706883217324,0.002621600950504661,-0.0016516344814342223,0.004273235431938883,2586
CSI1000,5,cf_big_down_ratio_z,0.03340670549097538,1.6991134449991971,0.4988399071925754,0.0007122828446430535,-0.0005206324996548683,0.0012329153442979218,2586
CSI1000,5,cf_mom20_dispersion,0.03194783868835868,1.6248358221142694,0.5239752513534416,0.0007666706061181448,-0.0015872898649074586,0.0023539604710256035,2586
CSI1000,5,cf_weight_concentration_top20_chg20,0.031676363855911244,1.6110149505336018,0.5108275328692962,0.0007390886303274835,-0.0019719594536577807,0.0027110480839852642,2586
CSI1000,5,cf_amount_ratio20_top20,0.027635042218300612,1.4053104793626787,0.49922660479505027,0.0059575824083637095,5.9238690402212265e-05,0.005898343717961497,2586
CSI1000,5,cf_mom20_dispersion_chg20,0.026494165359742684,1.347252428986995,0.5348027842227379,0.0034414570298361077,-0.0007050674759063547,0.004146524505742462,2586
CSI1000,5,cf_spread_mom20_next_concentration,0.025939665771693553,1.3190364315980083,0.5239752513534416,0.0021872858940175546,-0.0009352709937724623,0.003122556887790017,2586
CSI1000,5,cf_coverage,0.022791559694761494,1.1588657524460568,0.5239752513534416,0.0015141595869013575,0.000600470303936963,0.0009136892829643945,2586
CSI1000,5,cf_spread_amount20_ret1d_chg20,0.02243856225067013,1.1409080371663278,0.5046403712296984,0.0018387213535871903,-0.0011288347615738433,0.0029675561151610336,2586
CSI1000,5,cf_weighted_up_ratio_1d_z,0.018361233883431926,0.933515079189857,0.511600928074246,0.0038067147974037902,0.000419734513456235,0.003386980283947555,2586
CSI1000,5,cf_up_ratio_1d_z,0.01822659334977801,0.9266674516063619,0.520108275328693,0.0034759943362039076,7.003290487257318e-05,0.0034059614313313342,2586
CSI1000,5,cf_spread_amount20_next_concentration_chg20,0.016857949270418882,0.8570629417770066,0.5061871616395979,0.00048273369113588924,0.0022772101049940326,-0.0017944764138581432,2586
CSI1000,5,cf_weighted_up_ratio_1d,0.013835393324188436,0.7033627018747323,0.5239752513534416,0.003691013298995693,0.0004979526704808695,0.0031930606285148237,2586
CSI1000,5,cf_up_ratio_1d,0.013799726778948095,0.7015491428806351,0.5239752513534416,0.0038152000143767003,-0.0002999463442248875,0.004115146358601588,2586
CSI1000,5,cf_up_ratio_1d_chg20,0.012457197755809555,0.6332866214829744,0.5119876256767208,0.0015310524811014306,0.00010598216127802233,0.0014250703198234083,2586
CSI1000,5,cf_amp20_mean_chg20,0.01018097369385329,0.5175568713991,0.5212683681361175,0.001021402142655775,0.0004551915737253246,0.0005662105689304504,2586
CSI1000,5,cf_weighted_up_ratio_1d_chg20,0.009812443675742495,0.49882055399070924,0.5088940448569219,0.001559507335160974,-0.00017072195350523135,0.0017302292886662053,2586
CSI1000,5,cf_mom20_median_chg20,0.009163854269870106,0.46584631534452464,0.5127610208816705,0.003074194222862324,0.001771020996636876,0.0013031732262254478,2586
CSI1000,5,cf_mom20_mean_chg20,0.007270906275729474,0.36961218586029376,0.5108275328692962,0.002282124987609474,0.0012016567639398178,0.0010804682236696564,2586
CSI1000,5,cf_spread_amount20_ret1d,0.004444556285411348,0.2259326283688657,0.5185614849187935,0.00112294798079308,-0.0006870625845667894,0.0018100105653598695,2586
CSI1000,5,cf_weighted_above_ma20_z,0.0035968521024496458,0.18284018186249246,0.5034802784222738,0.0038755669979759918,0.0006450002365767447,0.0032305667613992473,2586
CSI1000,5,cf_crowding_amount20_amp_ratio_chg20,0.0023439183204540075,0.11914886817277857,0.49845320959010053,-0.0005606886674311746,0.0012191118334634573,-0.001779800500894632,2586
CSI1000,5,cf_mom20_dispersion_z,0.00022592457418014333,0.011484437752392837,0.4903325599381284,-0.0003277776022299357,-0.001393037286910023,0.0010652596846800874,2586
CSI1000,5,cf_weight_concentration_top20,-0.0019012717331551867,-0.09664763497692094,0.5239752513534416,4.408551132629212e-05,0.0007943050096298096,-0.0007502194983035175,2586
CSI1000,5,cf_spread_amount20_next_concentration,-0.002327010797362754,-0.11828940000335504,0.5239752513534416,3.0160175262911727e-05,0.0017132757152127458,-0.001683115539949834,2586
CSI1000,5,cf_weighted_above_ma20,-0.004550545763149731,-0.2313205613487365,0.5239752513534416,0.0042869496126316554,0.0003605750533337639,0.003926374559297892,2586
CSI1000,5,cf_spread_amount20_ret1d_z,-0.005238243964431549,-0.2662796235821882,0.49265274555297756,0.001680972234099899,7.83400417435715e-05,0.0016026321923563274,2586
CSI1000,5,cf_spread_amount20_next_concentration_z,-0.006135178835576712,-0.3118757841484912,0.5100541376643465,-0.0001656408301302965,0.0014579157726945739,-0.0016235566028248703,2586
CSI1000,5,cf_crowding_amount20_amp_ratio,-0.007380794767349894,-0.3751986038810165,0.5239752513534416,-0.0008185714352123489,0.002277575528382522,-0.003096146963594871,2586
CSI1000,5,cf_above_ma20_ratio_z,-0.007740142430824453,-0.39346691187436506,0.502706883217324,0.003912414090130724,0.00032213248456783094,0.0035902816055628935,2586
CSI1000,5,cf_crowding_mom20_amp_ratio,-0.008804105533246622,-0.4475569716890909,0.5239752513534416,0.00030227955705983367,0.00018689825369127923,0.00011538130336855444,2586
CSI1000,5,cf_crowding_amount20_amp_ratio_z,-0.010016370636720746,-0.5091883141279963,0.505800464037123,-0.00035016325323445984,0.0019875540455585243,-0.0023377172987929843,2586
CSI1000,5,cf_crowding_mom20_amp_ratio_z,-0.01123814700256915,-0.5713054800131511,0.4903325599381284,-2.7811759182069476e-05,0.00018980184652310218,-0.00021761360570517167,2586
CSI1000,5,cf_above_ma20_ratio,-0.017425938855541154,-0.8859483225206598,0.5239752513534416,0.0031435633322403505,0.0004872165008236831,0.0026563468314166673,2586
CSI1000,5,cf_amp20_mean,-0.017929228141368967,-0.9115440547960516,0.5239752513534416,0.0004143012144985138,0.0019348196509344393,-0.0015205184364359256,2586
CSI1000,5,cf_mom60_dispersion_chg20,-0.018454598577655485,-0.9382635056203275,0.5119876256767208,-0.0007543719329950308,0.0014888912261750795,-0.0022432631591701104,2586
CSI1000,5,cf_mom20_median_z,-0.01949559018077798,-0.9912088937783728,0.49845320959010053,0.0033467997941913174,0.0008262876693414516,0.0025205121248498656,2586
CSI1000,5,cf_amp20_mean_z,-0.020213046205574875,-1.0277009566633957,0.5003866976024749,4.1099257122393236e-05,0.0018799809574332478,-0.0018388817003108546,2586
CSI1000,5,cf_weight_concentration_top20_z,-0.022545060355775574,-1.1463257723309253,0.47873163186388246,0.00048467860273235323,-0.00018596768166747162,0.0006706462843998249,2586
CSI1000,5,cf_crowding_mom20_amp_ratio_chg20,-0.02310508545504426,-1.1748158243737006,0.48259860788863107,-0.001348900304546645,0.0015307129450990754,-0.0028796132496457204,2586
CSI1000,5,cf_mom20_mean_z,-0.02570968501569326,-1.307334101209404,0.5019334880123744,0.0034518197547224847,0.0015900119442480984,0.0018618078104743862,2586
CSI1000,5,cf_near_high_60d_ratio_chg20,-0.03072597895826337,-1.5626333394181766,0.47989172467130703,0.001265583454727245,0.0012245134044722443,4.107005025500072e-05,2586
CSI1000,5,cf_spread_mom20_ret1d_chg20,-0.031891859840359804,-1.6219858914854541,0.48491879350348027,-0.0005760541193887544,0.0013875340761258402,-0.0019635881955145946,2586
CSI1000,5,cf_mom20_median,-0.03468548045918244,-1.7642306900458333,0.4976798143851508,0.002589313777573042,0.0009073904242671662,0.001681923353305876,2586
CSI1000,5,cf_spread_mom20_ret1d,-0.03561770241052022,-1.81170635637934,0.5092807424593968,-0.0005798443546528795,0.0037069712962798955,-0.004286815650932775,2586
CSI1000,5,cf_mom60_mean_chg20,-0.037680497250351254,-1.916776203464351,0.49303944315545245,-0.00019066753610281684,0.00242830291616747,-0.0026189704522702867,2586
CSI1000,5,cf_near_high_60d_ratio_z,-0.037926373224105595,-1.9293016723335228,0.4729311678267595,0.0017085727138770172,0.0009681406235770918,0.0007404320902999254,2586
CSI1000,5,cf_mom60_dispersion,-0.038420256550499014,-1.954462249947793,0.5239752513534416,-0.0008226193480139073,0.0017632542169377329,-0.00258587356495164,2586
CSI1000,5,cf_mom20_mean,-0.03848241456180444,-1.957628952256506,0.5030935808197989,0.0036592075145410593,0.0023798768508821824,0.001279330663658877,2586
CSI1000,5,cf_spread_mom20_ret1d_z,-0.04383360884358244,-2.2303401747079636,0.4752513534416087,-0.0007523546938074363,0.0036615146633035027,-0.004413869357110939,2586
CSI1000,5,cf_mom60_dispersion_z,-0.05322572473670809,-2.7094671169728057,0.491492652745553,9.703382327165861e-05,0.003062416363721419,-0.0029653825404497604,2586
CSI1000,5,cf_mom60_mean_z,-0.05522407517072553,-2.8114991184783804,0.4795050270688322,0.0013375269552119032,0.0021552939688616133,-0.0008177670136497101,2586
CSI1000,5,cf_mom60_mean,-0.06660846503149292,-3.3934483099640858,0.4903325599381284,-0.0003384243923593748,0.0016208057322787402,-0.001959230124638115,2586
CSI1000,5,cf_near_high_60d_ratio,-0.07466945625898275,-3.8063028637684786,0.511600928074246,-0.0005289574892786015,0.0011678892501844626,-0.0016968467394630642,2586
CSI1000,20,cf_crowding_amount20_beta_ratio_z,0.18939683049385073,9.776585931490985,0.5690392843251653,0.016222218911943035,-0.012480654725135615,0.02870287363707865,2571
CSI1000,20,cf_crowding_amount20_beta_ratio,0.17951864984821683,9.249214736465401,0.4830805134189031,0.014749181616654493,-0.012130297187414447,0.02687947880406894,2571
CSI1000,20,cf_crowding_amount20_beta_ratio_chg20,0.1767593538112494,9.102427434094626,0.5748735900427849,0.01398721809339586,-0.01141127359044635,0.025398491683842207,2571
CSI1000,20,cf_crowding_mom20_amount_ratio_chg20,0.1647096347695882,8.463957739548421,0.5678724231816414,0.014762677179990247,-0.014010002542805862,0.02877267972279611,2571
CSI1000,20,cf_crowding_mom20_beta_ratio_chg20,0.14543343693420593,7.450551884615503,0.5488136911707506,0.010716691424013007,-0.011526676447219669,0.022243367871232676,2571
CSI1000,20,cf_crowding_mom20_vol_ratio_chg20,0.1439271903671136,7.3717458928962145,0.5534811357448464,0.009330730564498494,-0.014828048780384828,0.02415877934488332,2571
CSI1000,20,cf_crowding_amount20_vol_ratio,0.1293270665301785,6.610496635352706,0.4830805134189031,0.00863867025454154,-0.004627064190697574,0.013265734445239114,2571
CSI1000,20,cf_amount_ratio20_mean_chg20,0.12170946319084477,6.215085470222062,0.5511474134577985,0.011191585581889617,-0.00878753699000606,0.01997912257189568,2571
CSI1000,20,cf_amount_ratio20_top20_chg20,0.1169934322955991,5.970851330436412,0.5484247374562428,0.011219337649384483,-0.008068572412892272,0.019287910062276755,2571
CSI1000,20,cf_crowding_amount20_amount_ratio,0.11521524411784267,5.878869667125265,0.4830805134189031,0.008060600579233483,-0.005704381453055892,0.013764982032289375,2571
CSI1000,20,cf_crowding_amount20_vol_ratio_chg20,0.11313986014711878,5.771587105712308,0.5546479968883703,0.01030396564857084,-0.004033533968785612,0.01433749961735645,2571
CSI1000,20,cf_crowding_amount20_vol_ratio_z,0.1129858678895081,5.763629871506196,0.544535200311163,0.008022304457936544,-0.004106428967361617,0.01212873342529816,2571
CSI1000,20,cf_mom20_dispersion_chg20,0.10766897669410742,5.489144269491907,0.5495915985997666,0.009979660403127309,-0.004422262872203529,0.014401923275330838,2571
CSI1000,20,cf_crowding_amount20_amount_ratio_z,0.1022013117106316,5.207371680477103,0.5387008945935434,0.006793920774408522,-0.00411953814308467,0.010913458917493192,2571
CSI1000,20,cf_crowding_mom20_amount_ratio,0.10128190977853165,5.160038470081909,0.4830805134189031,0.005022758116381446,-0.00948189794778485,0.014504656064166295,2571
CSI1000,20,cf_amount_ratio20_mean_z,0.0966674400267188,4.922672718274355,0.5546479968883703,0.014485382925431065,-0.006218092394014311,0.020703475319445375,2571
CSI1000,20,cf_amount_concentration_top20,0.09589170837160857,4.882801411524827,0.4830805134189031,0.008343710879245654,-0.00028842130654902414,0.008632132185794679,2571
CSI1000,20,cf_amount_ratio20_top20_z,0.09474281148509513,4.8237665123008115,0.5457020614546869,0.01593020511126679,-0.006149904327739838,0.02208010943900663,2571
CSI1000,20,cf_amount_ratio20_mean,0.09337367115532542,4.753440006161875,0.5387008945935434,0.01332935293775647,-0.004610345263325739,0.01793969820108221,2571
CSI1000,20,cf_amount_concentration_top20_z,0.09142227734653527,4.653252704858214,0.5075845974329055,0.011131023912403441,-0.002649889615937486,0.013780913528340927,2571
CSI1000,20,cf_crowding_mom20_amount_ratio_z,0.09101764130145727,4.632484928089154,0.5394788020225593,0.0066959621205473,-0.012100030935154328,0.018795993055701628,2571
CSI1000,20,cf_limit_up_like_ratio,0.08897170460232481,4.527513279459516,0.47996888370283936,0.00478404852239643,-0.002810958669641124,0.007595007192037553,2571
CSI1000,20,cf_limit_up_like_ratio_chg20,0.08762261922500918,4.458326934863911,0.5274212368728122,0.009673349199870717,-0.006117701263328485,0.015791050463199202,2571
CSI1000,20,cf_mom20_dispersion,0.08670723289313713,4.411396465690508,0.4830805134189031,0.004255668123888664,-0.006796854529905379,0.011052522653794042,2571
CSI1000,20,cf_amount_ratio20_top20,0.0866233126063095,4.4070945650708175,0.47996888370283936,0.01388699641948044,-0.0036720368690964073,0.017559033288576848,2571
CSI1000,20,cf_crowding_amount20_amount_ratio_chg20,0.0809909054792622,4.118578820665688,0.5410346168805912,0.008384294633649201,-0.0009969651717898962,0.009381259805439097,2571
CSI1000,20,cf_weighted_above_ma20_chg20,0.07257944805817722,3.688439123114964,0.5243096071567483,0.01116016132059833,-0.004133901578055675,0.015294062898654004,2571
CSI1000,20,cf_crowding_mom20_beta_ratio,0.07200802213770392,3.659247676339235,0.4830805134189031,0.011588192771277053,-0.0036500381152329447,0.015238230886509998,2571
CSI1000,20,cf_crowding_mom20_beta_ratio_z,0.0679279976818546,3.4509220346204823,0.5208090237261765,0.012272820653405703,-0.004527037123661706,0.01679985777706741,2571
CSI1000,20,cf_spread_mom20_next_concentration_z,0.060244215180546366,3.0590525918773013,0.5118630882924932,0.010143883159407525,-0.0038390330267237434,0.013982916186131268,2571
CSI1000,20,cf_above_ma20_ratio_chg20,0.05659726010900009,2.8732548787677623,0.5134189031505251,0.009775505457675167,-0.003515828865105317,0.013291334322780485,2571
CSI1000,20,cf_amount_concentration_top20_chg20,0.05631514315972096,2.858887058275635,0.5297549591598599,0.0035473471485840276,-0.001164195114934442,0.00471154226351847,2571
CSI1000,20,cf_coverage,0.054703876262828965,2.7768405561885716,0.4830805134189031,0.003765621927786443,0.004323264126718584,-0.0005576421989321408,2571
CSI1000,20,cf_crowding_mom20_vol_ratio,0.05430681958177026,2.7566256014208466,0.4830805134189031,0.007182304604780992,0.002796749845281063,0.00438555475949993,2571
CSI1000,20,cf_spread_amount20_ret1d_chg20,0.04951044698758771,2.5125333928222195,0.514196810579541,0.005969896257520431,-0.0030822699947885717,0.009052166252309002,2571
CSI1000,20,cf_spread_mom20_next_concentration_chg20,0.04629905130632333,2.3492006980000717,0.5266433294437962,0.004858566589195469,-0.004052497287030045,0.008911063876225514,2571
CSI1000,20,cf_limit_up_like_ratio_z,0.045562660816235646,2.3117580965866305,0.5169194865810969,0.0034040693365429775,-0.0020437645353678815,0.005447833871910859,2571
CSI1000,20,cf_spread_amount20_next_concentration,0.045321842610950715,2.2995142469459116,0.4830805134189031,0.00425817219760078,-0.0005892870604968656,0.004847459258097645,2571
CSI1000,20,cf_spread_amount20_next_concentration_z,0.04290468654991201,2.1766413799543756,0.5173084402956049,0.004310444091385433,0.00010996250037533199,0.004200481591010101,2571
CSI1000,20,cf_spread_mom20_next_concentration,0.042876614971064805,2.17521462827376,0.4830805134189031,0.006395800287064127,-0.0024091108166478417,0.008804911103711968,2571
CSI1000,20,cf_spread_amount20_ret1d,0.042758254659417815,2.169198964448851,0.4838584208479191,0.0033280517929660043,-0.002683759460326303,0.006011811253292308,2571
CSI1000,20,cf_mom20_dispersion_z,0.03507609057236484,1.7789369778755992,0.5025281991443018,0.0017907443587517218,-0.0014595162799146291,0.003250260638666351,2571
CSI1000,20,cf_crowding_mom20_vol_ratio_z,0.03313476171854608,1.6803681589622492,0.5305328665888759,0.008525393490782044,0.0008615469944726454,0.007663846496309399,2571
CSI1000,20,cf_mom20_mean_chg20,0.030161390853913134,1.52943508122088,0.5029171528588098,0.0033121207722083133,-0.0011355026156673542,0.004447623387875668,2571
CSI1000,20,cf_big_down_ratio_chg20,0.028382421112787416,1.4391514102240643,0.5017502917152858,0.002032759279318105,3.883399932450344e-05,0.0019939252799936013,2571
CSI1000,20,cf_weighted_above_ma20_z,0.02796448106058838,1.417942744987318,0.5188642551536368,0.011780208943942614,0.0005258659454959985,0.011254342998446616,2571
CSI1000,20,cf_spread_amount20_ret1d_z,0.025495219404120348,1.2926531201599438,0.5184753014391288,0.0032181868202608693,0.0003012718374295262,0.002916914982831343,2571
CSI1000,20,cf_weighted_up_ratio_1d_chg20,0.022802185144514823,1.1560362501780113,0.5021392454297938,0.004427149041042589,-0.0012088630789559758,0.005636012119998564,2571
CSI1000,20,cf_up_ratio_1d_chg20,0.02234888902483671,1.1330432226210527,0.5044729677168417,0.005303145721244656,-0.0010712161779905267,0.006374361899235182,2571
CSI1000,20,cf_weighted_up_ratio_1d_z,0.014161859092508666,0.7178701184993274,0.5033061065733178,0.005770450876200051,0.001302584748241056,0.004467866127958995,2571
CSI1000,20,cf_big_down_ratio,0.012987173838455632,0.6583143689690126,0.4577985219758849,0.000958606118784688,0.007058836591720047,-0.006100230472935359,2571
CSI1000,20,cf_mom20_median_chg20,0.012402449321691303,0.6286702622530952,0.49513807856865033,0.002607803817709003,0.00044314756972268707,0.002164656247986316,2571
CSI1000,20,cf_weighted_up_ratio_1d,0.011796670228472573,0.5979594197711467,0.4830805134189031,0.00571007222915364,0.00043775252977300695,0.0052723196993806325,2571
CSI1000,20,cf_weighted_above_ma20,0.01154049262227997,0.5849723276102876,0.4830805134189031,0.010875486288568883,0.0004657791774034937,0.010409707111165388,2571
CSI1000,20,cf_up_ratio_1d_z,0.01071496224755712,0.5431222934148714,0.5103072734344613,0.004370418906593027,0.0018760973411278083,0.002494321565465219,2571
CSI1000,20,cf_near_high_60d_ratio_chg20,0.008965680006374621,0.4544464783606393,0.47996888370283936,0.0053767639276651805,-0.00013140486992512925,0.00550816879759031,2571
CSI1000,20,cf_up_ratio_1d,0.007286602780865436,0.3693334790202896,0.4830805134189031,0.005199975064482029,0.0016002854777229204,0.003599689586759109,2571
CSI1000,20,cf_crowding_amount20_amp_ratio,0.007217499136616242,0.365830663502505,0.4830805134189031,0.0017129911862173194,0.0051240616884744876,-0.003411070502257168,2571
CSI1000,20,cf_crowding_amount20_amp_ratio_chg20,0.00606973273929245,0.3076519138556878,0.5122520420070011,-0.0013404124160063227,0.0006685825549846046,-0.0020089949709909275,2571
CSI1000,20,cf_spread_amount20_next_concentration_chg20,0.004939300038800281,0.2503529758981375,0.5029171528588098,0.002529921650854071,0.0028755966265705513,-0.0003456749757164805,2571
CSI1000,20,cf_weight_concentration_top20,0.003686694063091258,0.18686247772575998,0.4830805134189031,-0.003642920166872105,0.004590547413123155,-0.00823346757999526,2571
CSI1000,20,cf_spread_mom20_ret1d,0.003531908078561189,0.17901694977921728,0.4749124854142357,0.00023003745447134366,0.005922241863896071,-0.005692204409424727,2571
CSI1000,20,cf_above_ma20_ratio_z,0.0033068305759718143,0.16760862807692917,0.5025281991443018,0.009278631488549906,0.0006676224625387854,0.008611009026011121,2571
CSI1000,20,cf_big_down_ratio_z,0.0017191492448173338,0.08713573015370138,0.5231427460132244,-0.0004629549813349058,0.0014196191116740589,-0.0018825740930089648,2571
CSI1000,20,cf_crowding_amount20_amp_ratio_z,0.0016542919290408388,0.08384840338302853,0.5110851808634772,0.0013778536135325337,0.0048686423872937035,-0.0034907887737611696,2571
CSI1000,20,cf_crowding_mom20_amp_ratio,-0.0032573383100183645,-0.1651000570172819,0.4830805134189031,0.00034178342523515207,-0.00012774506489472842,0.00046952849012988046,2571
CSI1000,20,cf_amp20_mean_chg20,-0.005792443724110447,-0.29359669416273726,0.4970828471411902,0.0035609626709485753,0.003732489213316885,-0.00017152654236830952,2571
CSI1000,20,cf_crowding_mom20_amp_ratio_z,-0.009867912329708944,-0.500182485630924,0.49085958770906263,-0.000664664906791368,-0.0004032742636999849,-0.00026139064309138317,2571
CSI1000,20,cf_amp20_mean,-0.011180969521510105,-0.5667462613654377,0.4830805134189031,0.0017706331229185432,0.007959838608552188,-0.006189205485633645,2571
CSI1000,20,cf_above_ma20_ratio,-0.011339454333042284,-0.5747806401760646,0.4830805134189031,0.006129521151575572,0.001060087840066309,0.005069433311509263,2571
CSI1000,20,cf_spread_mom20_ret1d_chg20,-0.013994966830522164,-0.7094086180030849,0.49047063399455465,0.0014284502723497714,0.002450723044841321,-0.0010222727724915495,2571
CSI1000,20,cf_spread_mom20_ret1d_z,-0.014756546540386387,-0.7480214887307289,0.5017502917152858,0.0005259481594195962,0.00583226402415536,-0.005306315864735764,2571
CSI1000,20,cf_crowding_mom20_amp_ratio_chg20,-0.01735611949509401,-0.8798327138853631,0.4893037728510307,-0.0018070933167450834,0.0006028602412263965,-0.00240995355797148,2571
CSI1000,20,cf_amp20_mean_z,-0.021054517350421152,-1.0673912134365162,0.48580318942045897,0.0008282232004921281,0.007560600562096664,-0.006732377361604536,2571
CSI1000,20,cf_near_high_60d_ratio_z,-0.026178990312178248,-1.327344990605069,0.4974718008556982,0.004455482222745358,0.0010206028754053084,0.0034348793473400496,2571
CSI1000,20,cf_weight_concentration_top20_z,-0.04566951146280379,-2.31719080201321,0.4955270322831583,6.826684051075031e-05,0.00643100563226046,-0.00636273879174971,2571
CSI1000,20,cf_mom20_mean_z,-0.05418511723056387,-2.7504297528301347,0.47841306884480744,0.005109748209854826,0.0038478178730464037,0.0012619303368084224,2571
CSI1000,20,cf_mom60_dispersion,-0.05731201572951784,-2.90965947855991,0.4830805134189031,-0.0034600326356498965,0.007167123507470478,-0.010627156143120375,2571
CSI1000,20,cf_weight_concentration_top20_chg20,-0.05967397314905106,-3.0299931339400956,0.4605211979774407,-0.004135735912607569,0.003287894790278733,-0.007423630702886302,2571
CSI1000,20,cf_mom20_mean,-0.060986176913423736,-3.09686736733924,0.4788020225593154,0.005443708748393089,0.006408849155723291,-0.0009651404073302023,2571
CSI1000,20,cf_mom20_median_z,-0.06206846178982198,-3.152036288531487,0.46985608712563204,0.0031887131894416756,0.0025785927070001696,0.000610120482441506,2571
CSI1000,20,cf_mom60_dispersion_chg20,-0.07283866125027007,-3.701682300852696,0.48852586542201476,-0.006432382954445264,0.0098054180324611,-0.016237800986906362,2571
CSI1000,20,cf_mom20_median,-0.07428772374056072,-3.7757287373504256,0.4764683002722676,0.002344976131647214,0.005103301765208576,-0.0027583256335613625,2571
CSI1000,20,cf_mom60_mean_chg20,-0.08337811805212093,-4.2408118071864145,0.46713341112407625,0.0005841668838744718,0.009428048520286975,-0.008843881636412502,2571
CSI1000,20,cf_near_high_60d_ratio,-0.08375555701031272,-4.260144574901948,0.47024504084014,-0.0011940441336602068,0.003910928781211629,-0.005104972914871836,2571
CSI1000,20,cf_mom60_mean,-0.09177455853779294,-4.6713352828221195,0.48774795799299886,-0.004149424509397521,0.00983530740817639,-0.013984731917573911,2571
CSI1000,20,cf_mom60_mean_z,-0.11095527981771684,-5.658742513430018,0.4574095682613769,-0.00384253273801714,0.008402843065376246,-0.012245375803393386,2571
CSI1000,20,cf_mom60_dispersion_z,-0.11418379100645644,-5.825541232755785,0.4823026059898872,0.0009386626195462644,0.01313786403428614,-0.012199201414739876,2571
CSI500,5,cf_crowding_mom20_vol_ratio_chg20,0.11872932379662107,6.078369239151512,0.5436968290796597,0.00526753437977683,-0.003987649026853117,0.009255183406629947,2586
CSI500,5,cf_crowding_mom20_amount_ratio_chg20,0.11844611549891168,6.063663782453103,0.5406032482598608,0.005489121945800429,-0.00408573297273321,0.009574854918533639,2586
CSI500,5,cf_crowding_mom20_beta_ratio_chg20,0.1033591293509634,5.2823525747001,0.5301624129930395,0.004947139793526955,-0.00260660901993006,0.007553748813457014,2586
CSI500,5,cf_spread_mom20_next_concentration_chg20,0.07401055796267773,3.7725294625102315,0.5216550657385924,0.0038505035873522163,-0.0030547274461255615,0.006905231033477777,2586
CSI500,5,cf_crowding_mom20_amount_ratio_z,0.0730867137200527,3.7251839813168552,0.517014694508894,0.003424011130435396,-0.0018435250954219919,0.005267536225857388,2586
CSI500,5,cf_crowding_mom20_vol_ratio,0.07307472385337398,3.7245695842309807,0.5293890177880897,0.00451001145641323,-0.0016116076035228202,0.00612161905993605,2586
CSI500,5,cf_crowding_mom20_beta_ratio,0.06865275846410972,3.4980831188561052,0.5293890177880897,0.004460613245558859,-0.00041549625773389006,0.0048761095032927495,2586
CSI500,5,cf_crowding_mom20_amount_ratio,0.06822809208311285,3.4763434598550793,0.5293890177880897,0.004075339426242913,-0.0015967832341096627,0.005672122660352576,2586
CSI500,5,cf_big_down_ratio_z,0.06358409308252785,3.2387276420205002,0.4980665119876257,0.002470143168309219,-0.0019573374116230086,0.004427480579932228,2586
CSI500,5,cf_crowding_mom20_vol_ratio_z,0.06173629433866046,3.1442424169449934,0.5378963650425367,0.004719346525791795,-0.001513133593247073,0.006232480119038868,2586
CSI500,5,cf_crowding_amount20_amount_ratio_chg20,0.05956778202917821,3.0333991633974224,0.5181747873163186,0.0021845434146935175,0.000586004770170244,0.0015985386445232736,2586
CSI500,5,cf_crowding_amount20_beta_ratio_chg20,0.059224901263449634,3.0158768402188407,0.5247486465583914,0.0028260986475294706,-0.0009253048427188291,0.0037514034902483,2586
CSI500,5,cf_big_down_ratio_chg20,0.058166609599760145,2.961801419319104,0.48530549110595517,0.003068077272885509,0.0004966584806581874,0.0025714187922273217,2586
CSI500,5,cf_amount_concentration_top20_chg20,0.05805790122005149,2.9562473289469993,0.520108275328693,0.0025561914091561094,0.00037399488920833755,0.002182196519947772,2586
CSI500,5,cf_crowding_amount20_vol_ratio_chg20,0.056643604885431076,2.8839981401175123,0.5262954369682908,0.0027958530471005045,0.0014703969689461133,0.0013254560781543912,2586
CSI500,5,cf_crowding_amount20_amount_ratio,0.054933445631964624,2.796658046382179,0.5293890177880897,0.002148511433246369,0.00011035297200131295,0.002038158461245056,2586
CSI500,5,cf_crowding_mom20_beta_ratio_z,0.053649960900832426,2.7311250432981335,0.5197215777262181,0.004602606112920323,-0.0011250479302377457,0.005727654043158069,2586
CSI500,5,cf_amount_concentration_top20_z,0.05197575598164215,2.645662746223071,0.5224284609435421,0.0020024677667512237,0.0004995579848756451,0.0015029097818755786,2586
CSI500,5,cf_big_down_ratio,0.04771330890707114,2.4281790219484805,0.45243619489559167,0.0025794003030564262,0.0009815108903395405,0.0015978894127168857,2586
CSI500,5,cf_coverage,0.0439878615951259,2.238204047275918,0.5293890177880897,0.0024245853275119086,-0.00011094149804656262,0.002535526825558471,2586
CSI500,5,cf_crowding_amount20_amount_ratio_z,0.04318793242227612,2.1974250371231516,0.5162412993039444,0.0026961341329297477,0.0007832190549013723,0.0019129150780283753,2586
CSI500,5,cf_crowding_amount20_beta_ratio,0.039565027565651695,2.012787441535701,0.5293890177880897,0.0023102906254712893,-0.00025636429789186366,0.002566654923363153,2586
CSI500,5,cf_amount_concentration_top20,0.039065418099354626,1.987331765766248,0.5293890177880897,0.0017701002716657087,-8.943394503316985e-05,0.0018595342166988786,2586
CSI500,5,cf_limit_up_like_ratio_chg20,0.034177443252252915,1.7383596107286565,0.4814385150812065,0.002112438943612919,-0.0011726862809322987,0.0032851252245452178,2586
CSI500,5,cf_spread_mom20_next_concentration_z,0.032482957700197566,1.6520799612361587,0.5077339520494973,0.0024448480712755283,-0.0005434319789479633,0.0029882800502234914,2586
CSI500,5,cf_crowding_amount20_vol_ratio,0.03099131878036521,1.576140663719973,0.5293890177880897,0.0023344659993647095,0.0012850843380982054,0.001049381661266504,2586
CSI500,5,cf_amount_ratio20_mean_z,0.030013653019187674,1.526373476293091,0.5112142304717711,0.004977126506542556,-0.001419824849006024,0.00639695135554858,2586
CSI500,5,cf_amount_ratio20_top20_z,0.02846929171552237,1.447768044366383,0.511600928074246,0.004602101475118051,-0.0016912692341329318,0.006293370709250982,2586
CSI500,5,cf_crowding_amount20_beta_ratio_z,0.02745986484677967,1.3963955315723384,0.5042536736272235,0.00206333084134778,0.00020039554058314397,0.001862935300764636,2586
CSI500,5,cf_weight_concentration_top20_chg20,0.025828623398036554,1.3133861304268566,0.5054137664346481,0.002202153513373296,0.0009666623004951103,0.0012354912128781856,2586
CSI500,5,cf_spread_amount20_next_concentration_chg20,0.023148755937099093,1.177037510793478,0.5054137664346481,0.0008114356764084281,0.0014843731482555341,-0.0006729374718471061,2586
CSI500,5,cf_spread_mom20_next_concentration,0.022772060125188006,1.1578737574697513,0.5293890177880897,0.001772061212406563,0.0004042837370034541,0.001367777475403109,2586
CSI500,5,cf_weighted_above_ma20_chg20,0.02182856954334919,1.1098774399662996,0.5092807424593968,0.003564698718213823,0.0013333016226382255,0.0022313970955755973,2586
CSI500,5,cf_amount_ratio20_mean,0.021185847740499857,1.0771832403160562,0.517014694508894,0.004977748671362581,-0.0008800906848339949,0.005857839356196576,2586
CSI500,5,cf_amount_ratio20_mean_chg20,0.018407079042387687,0.9358467108690227,0.5081206496519721,0.0043337241176512825,0.00021109776524881062,0.004122626352402472,2586
CSI500,5,cf_crowding_amount20_vol_ratio_z,0.016129721170251854,0.8200297654338243,0.5069605568445475,0.0019523770565633898,0.0015445662219804193,0.00040781083458297043,2586
CSI500,5,cf_limit_up_like_ratio,0.015868111116761497,0.8067262182026357,0.4690641918020108,0.002399281741084118,0.0004208036512352714,0.0019784780898488468,2586
CSI500,5,cf_amp20_mean_z,0.015553853681600576,0.7907456344288563,0.5088940448569219,0.0011143439436302944,0.00032063303710034376,0.0007937109065299507,2586
CSI500,5,cf_amount_ratio20_top20,0.014796329200209192,0.7522250389521312,0.5123743232791956,0.0050403620336130365,0.00010545449653344534,0.004934907537079591,2586
CSI500,5,cf_limit_up_like_ratio_z,0.014281515101372804,0.7260471622623483,0.4918793503480278,0.0024139240829966074,0.0004714729242692958,0.0019424511587273117,2586
CSI500,5,cf_amount_ratio20_top20_chg20,0.013633487688612994,0.6930963157525041,0.5038669760247486,0.002637950959108632,0.0003864073323905252,0.0022515436267181066,2586
CSI500,5,cf_mom20_dispersion,0.01304739561025681,0.6632955056193194,0.5293890177880897,0.0008956064340964336,-0.00017582765409789847,0.001071434088194332,2586
CSI500,5,cf_above_ma20_ratio_chg20,0.01252953381223553,0.6369645456548124,0.5088940448569219,0.0028033507612883696,0.0013885925842195717,0.001414758177068798,2586
CSI500,5,cf_amp20_mean,0.008391644127364739,0.4265879706969487,0.5293890177880897,0.0013761662649065596,0.0004849664543499887,0.0008911998105565709,2586
CSI500,5,cf_spread_amount20_next_concentration,0.008074875444105461,0.4104840115578707,0.5293890177880897,0.0011087506297890938,0.0021090895763352176,-0.0010003389465461237,2586
CSI500,5,cf_weight_concentration_top20,0.007452500223634162,0.37884391242300514,0.5293890177880897,0.001681093271201324,-0.0011274990969780158,0.00280859236817934,2586
CSI500,5,cf_spread_amount20_next_concentration_z,0.005218242349348836,0.2652628385906501,0.5112142304717711,0.0009270498702400551,0.0017037815671003438,-0.0007767316968602887,2586
CSI500,5,cf_weight_concentration_top20_z,0.0006178792071031566,0.03140869687002498,0.5065738592420727,0.002343691946497148,0.0005766857528959363,0.0017670061936012119,2586
CSI500,5,cf_mom20_mean_chg20,-0.0013238879935992887,-0.06729733693098193,0.508507347254447,0.0018957252896335684,0.0023221214942513698,-0.00042639620461780133,2586
CSI500,5,cf_mom20_median_chg20,-0.002935343700233459,-0.14921314558295495,0.5127610208816705,0.0014918764293010676,0.002797141257143158,-0.0013052648278420902,2586
CSI500,5,cf_mom20_dispersion_chg20,-0.004866592098402033,-0.24738669819771592,0.5177880897138438,0.001724203975419339,0.0017891362379628772,-6.493226254353831e-05,2586
CSI500,5,cf_up_ratio_1d_chg20,-0.006178744033754399,-0.31409046241704486,0.5,0.0014223081947755632,0.0003055884225908792,0.001116719772184684,2586
CSI500,5,cf_amp20_mean_chg20,-0.00805355819807056,-0.40940028499578995,0.4988399071925754,0.0006181439982734432,0.0008686207621735998,-0.0002504767639001566,2586
CSI500,5,cf_weighted_up_ratio_1d_chg20,-0.008354503227198141,-0.4246997865231972,0.5011600928074246,0.0018561616792463693,0.0004247075116995804,0.001431454167546789,2586
CSI500,5,cf_crowding_mom20_amp_ratio_chg20,-0.008821864469406616,-0.44845981794071743,0.49303944315545245,0.0006816465526947079,0.0004985993503940942,0.00018304720230061364,2586
CSI500,5,cf_up_ratio_1d_z,-0.009797483230948626,-0.49805995912155143,0.5065738592420727,0.002431517581809451,0.0019886904745279608,0.00044282710728149035,2586
CSI500,5,cf_spread_mom20_ret1d,-0.009909090508364707,-0.5037341248856054,0.5185614849187935,0.0008943886696449404,0.0018916772911839084,-0.0009972886215389681,2586
CSI500,5,cf_spread_mom20_ret1d_z,-0.010009539209123543,-0.5088409995273669,0.4880123743232792,0.0008169730717042734,0.001758755660570605,-0.0009417825888663316,2586
CSI500,5,cf_weighted_up_ratio_1d_z,-0.010767278798951205,-0.5473654605261061,0.5054137664346481,0.0024872218264435737,0.0019651115165729587,0.000522110309870615,2586
CSI500,5,cf_crowding_amount20_amp_ratio_z,-0.011327452392430735,-0.5758460132664491,0.5015467904098995,0.0008845255756844496,-0.00029522944786319015,0.0011797550235476397,2586
CSI500,5,cf_crowding_amount20_amp_ratio,-0.01201779642747874,-0.6109454884071864,0.5293890177880897,0.0006397535495807604,0.00016938726819040436,0.00047036628139035606,2586
CSI500,5,cf_spread_amount20_ret1d_chg20,-0.012715534641549172,-0.6464217971551539,0.5038669760247486,0.002094550802873699,-3.166927177352597e-05,0.002126220074647225,2586
CSI500,5,cf_mom20_dispersion_z,-0.01282276550313432,-0.6518740034241978,0.4899458623356535,0.00019695316646996198,-0.00017383597281842941,0.0003707891392883914,2586
CSI500,5,cf_up_ratio_1d,-0.01424739126470099,-0.7243120136602974,0.5293890177880897,0.0022943573117084454,0.0025522370139140875,-0.0002578797022056421,2586
CSI500,5,cf_weighted_up_ratio_1d,-0.01541772821653651,-0.7838234706109222,0.5293890177880897,0.002483866031282932,0.002005398486241667,0.00047846754504126494,2586
CSI500,5,cf_crowding_amount20_amp_ratio_chg20,-0.016308693470927605,-0.8291310662710971,0.4922660479505027,-0.0002593865163839475,0.0004695445776560278,-0.0007289310940399753,2586
CSI500,5,cf_weighted_above_ma20_z,-0.022603988271045976,-1.1493235498415337,0.5007733952049497,0.0030884727710564046,0.0023641268166179437,0.0007243459544384609,2586
CSI500,5,cf_mom60_dispersion_z,-0.02421213477725241,-1.2311378187956903,0.4945862335653519,0.0011037037153408644,0.001984784158655483,-0.0008810804433146188,2586
CSI500,5,cf_crowding_mom20_amp_ratio_z,-0.024379087373627626,-1.2396320500025912,0.4868522815158546,0.00010845173964638096,0.0013977793481199405,-0.0012893276084735596,2586
CSI500,5,cf_mom60_dispersion,-0.02438779718360224,-1.2400751914439374,0.5293890177880897,0.0009542402026311173,0.0018241360366971014,-0.0008698958340659841,2586
CSI500,5,cf_mom60_dispersion_chg20,-0.025672820980901092,-1.3054583326944,0.4980665119876257,0.00023245473659924443,0.0014989410779884696,-0.001266486341389225,2586
CSI500,5,cf_crowding_mom20_amp_ratio,-0.02739033971848089,-1.3928573655206693,0.5293890177880897,0.00024579303123950513,0.001514441181597524,-0.0012686481503580188,2586
CSI500,5,cf_spread_mom20_ret1d_chg20,-0.028578759010946603,-1.453339400049558,0.48530549110595517,7.638921892023287e-05,0.003022466448701242,-0.0029460772297810094,2586
CSI500,5,cf_weighted_above_ma20,-0.028724937683563063,-1.4607792688402612,0.5293890177880897,0.0037554636728608405,0.0029839153127740933,0.0007715483600867473,2586
CSI500,5,cf_spread_amount20_ret1d,-0.03367614754266133,-1.712833155193042,0.5266821345707656,0.001217779958851464,0.001170419281052106,4.736067779935785e-05,2586
CSI500,5,cf_mom20_median_z,-0.03556316964633166,-1.8089290137669254,0.4837587006960557,0.0037508848769534794,0.0029660118154211353,0.0007848730615323441,2586
CSI500,5,cf_above_ma20_ratio_z,-0.037017332513175745,-1.882994848787364,0.4922660479505027,0.0034797013058099,0.003929269127243895,-0.00044956782143399515,2586
CSI500,5,cf_spread_amount20_ret1d_z,-0.03963801455197815,-2.016506338380321,0.4748646558391338,0.0008955860029589359,0.0011928173396764483,-0.0002972313367175124,2586
CSI500,5,cf_near_high_60d_ratio_z,-0.041753452343828885,-2.124308267722158,0.46674400618716166,0.0010391618255396152,0.003034569078654906,-0.0019954072531152907,2586
CSI500,5,cf_mom20_mean_z,-0.04333107529034837,-2.2047219004302487,0.48491879350348027,0.0035114322731804454,0.0032621801840875516,0.0002492520890928938,2586
CSI500,5,cf_near_high_60d_ratio_chg20,-0.04513722156457783,-2.2968040082374372,0.4725444702242846,0.0007276588793795895,0.00303287848466124,-0.0023052196052816506,2586
CSI500,5,cf_above_ma20_ratio,-0.04528635852963145,-2.304408400925069,0.5293890177880897,0.0033560553092313655,0.0034901569525380895,-0.00013410164330672405,2586
CSI500,5,cf_mom60_mean_chg20,-0.04741552097123457,-2.412990034154008,0.4891724671307038,3.6020208093402675e-05,0.0036383789958270643,-0.0036023587877336617,2586
CSI500,5,cf_mom20_median,-0.04921908783880196,-2.5049928863659687,0.4814385150812065,0.0026317249445885083,0.0034721552734319453,-0.0008404303288434369,2586
CSI500,5,cf_mom60_mean_z,-0.05359347689495738,-2.7282413602434112,0.46983758700696054,0.0014091255266340064,0.0032767328031560274,-0.001867607276522021,2586
CSI500,5,cf_mom20_mean,-0.05476847203320315,-2.7882339446217643,0.4756380510440835,0.0020772432927341255,0.003871861592052784,-0.0017946182993186584,2586
CSI500,5,cf_mom60_mean,-0.0656582415555987,-3.344826908999541,0.48298530549110597,-0.00016724893427466975,0.00268702289933177,-0.0028542718336064398,2586
CSI500,5,cf_near_high_60d_ratio,-0.07666485588009202,-3.9086125903290565,0.511600928074246,0.00011052123301090545,0.0028095169731588944,-0.002698995740147989,2586
CSI500,20,cf_crowding_mom20_amount_ratio_chg20,0.18069322034900026,9.311767013868916,0.5787631271878646,0.01683632707323125,-0.01313845103803602,0.029974778111267267,2571
CSI500,20,cf_crowding_amount20_beta_ratio_chg20,0.17979417498957265,9.263884270202905,0.5772073123298328,0.013701635852704737,-0.008543828035360069,0.022245463888064806,2571
CSI500,20,cf_crowding_mom20_vol_ratio_chg20,0.16770117607664284,8.62209216995812,0.5698171917541812,0.015864996834160625,-0.00993401646717503,0.025799013301335653,2571
CSI500,20,cf_crowding_amount20_beta_ratio_z,0.16181457905550092,8.311152241093843,0.5480357837417348,0.012998441991448988,-0.00825237430174755,0.02125081629319654,2571
CSI500,20,cf_crowding_amount20_beta_ratio,0.1612825105406819,8.283092949745752,0.5126409957215091,0.012844820733593122,-0.008852707270402375,0.0216975280039955,2571
CSI500,20,cf_crowding_amount20_vol_ratio_chg20,0.1384703734195032,7.0866819237392,0.5464799688837029,0.014341466307484806,-0.002915262685029955,0.01725672899251476,2571
CSI500,20,cf_crowding_amount20_amount_ratio_chg20,0.13702252180899707,7.011157831810645,0.5422014780241151,0.01561657685937683,-0.003508618989355898,0.019125195848732728,2571
CSI500,20,cf_crowding_amount20_amount_ratio,0.13262235849038018,6.781911563130144,0.5126409957215091,0.011255388603843395,-0.0024343577669925366,0.013689746370835932,2571
CSI500,20,cf_crowding_mom20_beta_ratio_chg20,0.13226058147237527,6.763081524493313,0.5581485803189421,0.011464488576366907,-0.006917847033554763,0.01838233560992167,2571
CSI500,20,cf_crowding_amount20_amount_ratio_z,0.1204417357204793,6.149391060303908,0.5359782185919876,0.011959730459089043,-0.0025934781712705426,0.014553208630359585,2571
CSI500,20,cf_spread_mom20_next_concentration_chg20,0.11921342285103625,6.085768261472099,0.5418125243096071,0.013971857497907155,-0.006146388362865398,0.020118245860772554,2571
CSI500,20,cf_amount_concentration_top20_z,0.1098663842980997,5.602526691025698,0.5371450797355115,0.006686168492533919,-0.0003201371441602178,0.007006305636694137,2571
CSI500,20,cf_crowding_amount20_vol_ratio,0.1066753550751095,5.4379019451040085,0.5126409957215091,0.010804258770683783,0.0005722792053368929,0.01023197956534689,2571
CSI500,20,cf_spread_amount20_next_concentration_chg20,0.09364153001240141,4.767196542764499,0.5246985608712563,0.010937764443591739,-0.0019006359020256724,0.012838400345617411,2571
CSI500,20,cf_crowding_amount20_vol_ratio_z,0.0927928588558403,4.723614564454342,0.5281991443018281,0.01090488226372352,-0.0001302488218261389,0.01103513108554966,2571
CSI500,20,cf_spread_amount20_next_concentration,0.09201085337409044,4.683465277023383,0.5126409957215091,0.01092283399698491,-0.001911369854385829,0.012834203851370738,2571
CSI500,20,cf_amount_ratio20_mean_chg20,0.09143062432511789,4.653681134494581,0.5383119408790354,0.012437667964986127,-0.004548721858240628,0.016986389823226755,2571
CSI500,20,cf_crowding_mom20_amount_ratio_z,0.08998127645815152,4.579304459342149,0.5243096071567483,0.008313371238598277,-0.0026108406867080885,0.010924211925306366,2571
CSI500,20,cf_amount_concentration_top20_chg20,0.08997654972821055,4.5790619443933185,0.529366005445352,0.006921915021293523,-0.0009717463058480412,0.007893661327141564,2571
CSI500,20,cf_crowding_mom20_amount_ratio,0.08779309212073962,4.467068075177776,0.5126409957215091,0.010800228341775646,-0.0017716998581171726,0.012571928199892819,2571
CSI500,20,cf_spread_amount20_next_concentration_z,0.08661384008133817,4.406608992818813,0.5406456631660832,0.009713015242666686,-0.0005442445374321698,0.010257259780098855,2571
CSI500,20,cf_coverage,0.08240825361936793,4.191142874636246,0.5126409957215091,0.00711626024899162,0.005597589782945503,0.0015186704660461172,2571
CSI500,20,cf_amount_ratio20_top20_chg20,0.07941224334762012,4.037785551329017,0.5336444963049397,0.009084386204800858,-0.003457510736101912,0.012541896940902771,2571
CSI500,20,cf_crowding_mom20_vol_ratio,0.07802450043340244,3.966788477407725,0.5126409957215091,0.012318609589391133,-0.0005345359460232482,0.012853145535414381,2571
CSI500,20,cf_crowding_mom20_beta_ratio,0.07757600762157311,3.943848518771679,0.5126409957215091,0.013138360021920944,-0.0005621147531958919,0.013700474775116836,2571
CSI500,20,cf_mom20_dispersion_chg20,0.07482638747053057,3.8032603156736706,0.5340334500194477,0.006785240743717527,0.0008065323781621448,0.005978708365555382,2571
CSI500,20,cf_spread_mom20_next_concentration_z,0.0735170218449277,3.736343256462155,0.5305328665888759,0.009389439260990087,-8.363358127128614e-05,0.009473072842261373,2571
CSI500,20,cf_amount_concentration_top20,0.07241008439571367,3.6797867554681645,0.5126409957215091,0.008524461291142526,-0.0002777015640502055,0.008802162855192731,2571
CSI500,20,cf_amount_ratio20_mean_z,0.07062316511312902,3.5885168506085385,0.5239206534422404,0.012334118726282211,-0.0046672756079066844,0.017001394334188895,2571
CSI500,20,cf_amount_ratio20_top20_z,0.06969776826958618,3.5412643552180807,0.5223648385842085,0.012548569519541952,-0.005641908680854729,0.01819047820039668,2571
CSI500,20,cf_amount_ratio20_mean,0.06284273390642192,3.191511253544568,0.5278101905873201,0.012133145066715987,-0.0035058773833944565,0.015639022450110444,2571
CSI500,20,cf_limit_up_like_ratio_chg20,0.06223412644918016,3.1604819404126276,0.4865810968494749,0.007245051059671638,-0.0028780215941560244,0.010123072653827662,2571
CSI500,20,cf_crowding_mom20_vol_ratio_z,0.05901504720653827,2.9964180613315072,0.5379229871645275,0.013856319774545845,-0.0007718436699790983,0.014628163444524942,2571
CSI500,20,cf_crowding_mom20_beta_ratio_z,0.05873709726825725,2.982256513826251,0.5223648385842085,0.011446199780317644,-0.001334280055583842,0.012780479835901486,2571
CSI500,20,cf_amount_ratio20_top20,0.05437628288192156,2.760162022910644,0.513807856865033,0.01231570155088295,-0.003528825019763883,0.015844526570646833,2571
CSI500,20,cf_spread_mom20_next_concentration,0.04809949056174629,2.4407623428494594,0.5126409957215091,0.007026117554237681,-0.00010769669389933066,0.007133814248137011,2571
CSI500,20,cf_mom20_dispersion,0.04713393769713788,2.3916560799623263,0.5126409957215091,0.002241016814806811,0.0017893699077843272,0.000451646907022484,2571
CSI500,20,cf_limit_up_like_ratio_z,0.044888427666401054,2.277479268231174,0.4955270322831583,0.006963894895267118,0.0017767246764694925,0.0051871702187976255,2571
CSI500,20,cf_amp20_mean_z,0.04453506450182247,2.2595151062876955,0.5266433294437962,0.00644374540149357,8.459934044302595e-05,0.006359146061050544,2571
CSI500,20,cf_weighted_above_ma20_chg20,0.043300856283070024,2.19677745214923,0.514196810579541,0.009713864774965572,0.0008557409227276993,0.008858123852237873,2571
CSI500,20,cf_limit_up_like_ratio,0.03782459744098101,1.9185241120804688,0.45818747569039286,0.0060398024821601655,0.0021880117613701285,0.003851790720790037,2571
CSI500,20,cf_big_down_ratio_z,0.035680564923597696,1.8096325563332878,0.49902761571373006,0.0049870613743615766,-0.0015517133611281009,0.006538774735489678,2571
CSI500,20,cf_big_down_ratio_chg20,0.03295220130600075,1.671099853434057,0.4834694671334111,0.0049671982806096734,0.0008254635482245476,0.004141734732385126,2571
CSI500,20,cf_amp20_mean,0.03287988759957652,1.6674286464423886,0.5126409957215091,0.005893693201969467,0.0009723473279007226,0.004921345874068745,2571
CSI500,20,cf_mom20_mean_chg20,0.026130336845459384,1.3248764423297226,0.5071956437183975,0.004851779958823317,-0.001760275950587667,0.006612055909410984,2571
CSI500,20,cf_amp20_mean_chg20,0.024113431152823515,1.2225520613274568,0.5169194865810969,0.005236439930507769,0.0024535598634911715,0.0027828800670165973,2571
CSI500,20,cf_crowding_amount20_amp_ratio_z,0.02225697795864538,1.128381204277906,0.5180863477246208,0.004380068757762498,0.0008179663615849045,0.003562102396177593,2571
CSI500,20,cf_weight_concentration_top20,0.021723352973999098,1.10131462856653,0.5126409957215091,0.004905278167421055,0.00049317025700911,0.004412107910411946,2571
CSI500,20,cf_above_ma20_ratio_chg20,0.02092944274984443,1.061047576673277,0.5095293660054454,0.006773417076261698,0.002766025502658643,0.004007391573603055,2571
CSI500,20,cf_crowding_amount20_amp_ratio,0.01903719575639072,0.9650809420796379,0.5126409957215091,0.004262971101289315,0.0013918355719477892,0.0028711355293415263,2571
CSI500,20,cf_crowding_amount20_amp_ratio_chg20,0.016230541331253196,0.8227582917433814,0.5029171528588098,0.0028463723339998475,0.00014937998887017782,0.0026969923451296697,2571
CSI500,20,cf_mom20_dispersion_z,0.01351221899585205,0.6849334524284354,0.5060287825748736,0.0011961628918820512,0.0014329241131868704,-0.00023676122130481913,2571
CSI500,20,cf_spread_amount20_ret1d_chg20,0.012684597816325615,0.6429744202946993,0.5064177362893816,0.004381874331475714,-0.001819038767786839,0.006200913099262553,2571
CSI500,20,cf_crowding_mom20_amp_ratio_z,0.01248869413719621,0.6330426227419138,0.5048619214313497,0.0047246441587526795,-7.014784942130195e-05,0.0047947920081739814,2571
CSI500,20,cf_weighted_up_ratio_1d_chg20,0.010032297179382867,0.5085156191673924,0.49941656942823803,0.004186024222082779,0.0013796038189773725,0.0028064204031054067,2571
CSI500,20,cf_weight_concentration_top20_z,0.007838976565665212,0.3973331152236567,0.5068066900038896,0.004686081886706618,0.0016499234584628967,0.003036158428243721,2571
CSI500,20,cf_up_ratio_1d_chg20,0.007224001253730204,0.3661602510587327,0.4935822637106184,0.00413676725629163,0.001376097894611332,0.002760669361680298,2571
CSI500,20,cf_crowding_mom20_amp_ratio,0.004057665342676234,0.20566569287333933,0.5126409957215091,0.004781315990687952,0.0006829777156730305,0.004098338275014921,2571
CSI500,20,cf_mom20_median_chg20,0.0012777013365764507,0.0647607330032346,0.5025281991443018,0.0035376947717381804,0.0012281021411088462,0.0023095926306293344,2571
CSI500,20,cf_weighted_up_ratio_1d_z,-0.000951466588003637,-0.04822539469756416,0.49319330999611044,0.006476548226246326,0.004500001065652931,0.001976547160593395,2571
CSI500,20,cf_crowding_mom20_amp_ratio_chg20,-0.001399638117770946,-0.0709411524016388,0.514196810579541,0.004349114970914012,0.0031839936109272085,0.0011651213599868033,2571
CSI500,20,cf_spread_mom20_ret1d_z,-0.001904028359475819,-0.09650643037750228,0.49319330999611044,0.004219003784262906,0.0053065436920857615,-0.0010875399078228553,2571
CSI500,20,cf_spread_mom20_ret1d,-0.002031410695092894,-0.10296288024159066,0.5083625048619215,0.004537123051318246,0.00516799443830077,-0.000630871386982524,2571
CSI500,20,cf_weighted_up_ratio_1d,-0.0035516927010595272,-0.18001975824631752,0.5126409957215091,0.0067690243142426105,0.0045454477490219185,0.002223576565220692,2571
CSI500,20,cf_spread_amount20_ret1d,-0.004356680086394794,-0.22082174850433844,0.5130299494360171,0.0027627265580673476,0.001368317150556434,0.0013944094075109136,2571
CSI500,20,cf_up_ratio_1d_z,-0.005262257710340524,-0.2667228226007955,0.4873590042784909,0.005940881874414303,0.004454759615659867,0.0014861222587544366,2571
CSI500,20,cf_weighted_above_ma20_z,-0.006636534316415959,-0.33638216443256386,0.5106962271489692,0.01165740115278197,0.0051948352804553006,0.00646256587232667,2571
CSI500,20,cf_up_ratio_1d,-0.008470855734344139,-0.4293632994047761,0.5126409957215091,0.005681062362973404,0.005478337632771946,0.00020272473020145794,2571
CSI500,20,cf_spread_mom20_ret1d_chg20,-0.010581068124740224,-0.5363346747958831,0.49047063399455465,0.002589819100822957,0.004634174885129955,-0.002044355784306998,2571
CSI500,20,cf_near_high_60d_ratio_chg20,-0.012135056277345936,-0.6151143039056187,0.4834694671334111,0.006484203661433489,0.0035541884793880377,0.002930015182045451,2571
CSI500,20,cf_big_down_ratio,-0.0132597327057596,-0.672132667664417,0.4325165305328666,0.003542584009138438,0.008866452672052378,-0.00532386866291394,2571
CSI500,20,cf_spread_amount20_ret1d_z,-0.015340039956331908,-0.7776060795480633,0.48580318942045897,0.0036288137304130432,0.0031957712375464786,0.00043304249286656464,2571
CSI500,20,cf_near_high_60d_ratio_z,-0.017833174382805777,-0.9040236187435114,0.4959159859976663,0.006900848082682726,0.007260466549829866,-0.00035961846714713946,2571
CSI500,20,cf_weighted_above_ma20,-0.019662984720100515,-0.9968170698227341,0.5126409957215091,0.00979836985540022,0.005276471952768541,0.00452189790263168,2571
CSI500,20,cf_mom60_dispersion,-0.028202788322988625,-1.4300357246226079,0.5126409957215091,-0.0010899036677481792,0.005085900592028072,-0.006175804259776252,2571
CSI500,20,cf_weight_concentration_top20_chg20,-0.029032264194815468,-1.4721296641080281,0.485025281991443,0.003173435527564938,0.009470412455421174,-0.0062969769278562356,2571
CSI500,20,cf_above_ma20_ratio_z,-0.033075138828979986,-1.6773411799952496,0.4896927265655387,0.009532166290164243,0.006010830361687102,0.003521335928477141,2571
CSI500,20,cf_mom60_dispersion_z,-0.03918895711609652,-1.9878312054127996,0.47996888370283936,0.0014623107598202853,0.00626565179519423,-0.004803341035373944,2571
CSI500,20,cf_mom60_dispersion_chg20,-0.04166030675291044,-2.1134000805501914,0.4970828471411902,0.0005074760480327165,0.00876616588229326,-0.008258689834260544,2571
CSI500,20,cf_above_ma20_ratio,-0.04410360217333849,-2.2375817159525213,0.5126409957215091,0.006878889944076971,0.006176431613788742,0.0007024583302882295,2571
CSI500,20,cf_mom20_mean_z,-0.06548968007770252,-3.326505503655047,0.4690781796966161,0.006670071574681649,0.005208650709941291,0.001461420864740358,2571
CSI500,20,cf_near_high_60d_ratio,-0.06796953736984891,-3.453042152343564,0.4939712174251264,0.004725601202715796,0.006903636668240285,-0.002178035465524489,2571
CSI500,20,cf_mom20_mean,-0.07229766956750004,-3.674043938646538,0.47374562427071176,0.004988863752295618,0.008298990591317097,-0.003310126839021479,2571
CSI500,20,cf_mom20_median_z,-0.07600670150602273,-3.863598946999757,0.46285492026448855,0.006490088800458114,0.0045348683458008516,0.001955220454657262,2571
CSI500,20,cf_mom20_median,-0.0860882679768043,-4.379669460446576,0.4640217814080124,0.0039737635349253895,0.009144667470835003,-0.005170903935909614,2571
CSI500,20,cf_mom60_mean_chg20,-0.08698062486282403,-4.425411672750632,0.4683002722676002,-0.0018017312537405203,0.008446437792443572,-0.010248169046184093,2571
CSI500,20,cf_mom60_mean_z,-0.09008278181854501,-4.584512483401982,0.4601322442629327,-0.0007380811150675257,0.011021583546870868,-0.011759664661938394,2571
CSI500,20,cf_mom60_mean,-0.09076104496941241,-4.619316427483651,0.4896927265655387,-0.0013496077934228986,0.008521080657841733,-0.009870688451264632,2571
STAR50,5,cf_amount_ratio20_top20_z,0.12265534225676818,4.622607124054867,0.5417558886509636,0.013678092684689313,-0.0042977399551727075,0.01797583263986202,1401
STAR50,5,cf_amount_ratio20_mean_z,0.11150542270383305,4.196832746892595,0.5353319057815846,0.010950693615411285,-0.0038186805362143764,0.014769374151625662,1401
STAR50,5,cf_spread_mom20_next_concentration_chg20,0.11091449284235373,4.220308851152529,0.5579608938547486,0.0078086221167288595,-0.0038565963653668925,0.011665218482095752,1432
STAR50,5,cf_crowding_mom20_vol_ratio_chg20,0.11031132282064181,4.183846239745475,0.5551651440618411,0.00397367272450649,-0.006453644586942154,0.010427317311448643,1423
STAR50,5,cf_mom20_dispersion_chg20,0.1081318829726299,4.11316128900681,0.5551675977653632,0.004263031368095578,-0.003888880806949294,0.008151912175044872,1432
STAR50,5,cf_amount_ratio20_top20,0.1008639195097638,3.8750866383306715,0.5112781954887218,0.011989058413755187,-0.004348272285532879,0.016337330699288066,1463
STAR50,5,cf_amount_ratio20_mean,0.09589666821094216,3.682432444772693,0.5345181134654818,0.010828765081745607,-0.0032022041651309867,0.014030969246876595,1463
STAR50,5,cf_crowding_mom20_amount_ratio_chg20,0.09213810228829998,3.4880895643887264,0.5453267744202389,0.007114278417622058,0.0008854611219500728,0.006228817295671985,1423
STAR50,5,cf_weighted_above_ma20_chg20,0.08146414007336275,3.112406824788098,0.5426997245179064,0.008949980060115284,-0.0035609200117359668,0.01251090007185125,1452
STAR50,5,cf_amount_concentration_top20,0.0724861264472442,2.786490142406267,0.4796195652173913,0.004576189379659609,-0.0020328468609062977,0.006609036240565906,1472
STAR50,5,cf_amount_concentration_top20_chg20,0.07092221987333881,2.7074554557444848,0.5241046831955923,0.0045250257987214685,0.0005936875524755894,0.003931338246245879,1452
STAR50,5,cf_weight_concentration_top20,0.06896894866240523,2.6506210667633496,0.4796195652173913,0.002537347577807196,-0.0077957852757862545,0.010333132853593451,1472
STAR50,5,cf_amount_ratio20_top20_chg20,0.0657157388055917,2.500006736766137,0.5121275121275122,0.009103221473933198,0.0007891732112739718,0.008314048262659227,1443
STAR50,5,cf_big_down_ratio_z,0.06517800969956336,2.450907190630498,0.5141843971631206,0.005018768968673017,-0.0038506196559488404,0.008869388624621857,1410
STAR50,5,cf_big_down_ratio_chg20,0.06421836625830947,2.4504205187829813,0.3856749311294766,0.003818075484671219,0.0012930676157234572,0.002525007868947762,1452
STAR50,5,cf_amount_ratio20_mean_chg20,0.05906229474795755,2.2459553485280974,0.5190575190575191,0.008524519431159297,0.00030552054065564286,0.008218998890503653,1443
STAR50,5,cf_mom20_mean_chg20,0.05720820088039903,2.1668964046742785,0.5418994413407822,0.007273398123678956,-0.0008852230738869427,0.008158621197565899,1432
STAR50,5,cf_weighted_above_ma20_z,0.05446010528201254,2.0465614939637136,0.5354609929078015,0.007033371596927519,-0.0014850533814477476,0.008518424978375266,1410
STAR50,5,cf_above_ma20_ratio_chg20,0.050480682063154494,1.9247010255410213,0.5151515151515151,0.008571344801721474,-0.0007552179221997415,0.009326562723921215,1452
STAR50,5,cf_spread_amount20_next_concentration_chg20,0.046798697754779836,1.7784508133441341,0.5142065142065142,0.00234597361355015,0.002334521900360031,1.1451713190118937e-05,1443
STAR50,5,cf_crowding_mom20_amp_ratio,0.04657254344268885,1.775356039507001,0.4834710743801653,0.004739880535187065,0.001658483245962194,0.003081397289224871,1452
STAR50,5,cf_weighted_above_ma20,0.04624516279380389,1.7749653182869964,0.47758152173913043,0.006797672616105829,-0.0012933644368943494,0.008091037053000178,1472
STAR50,5,cf_crowding_mom20_amount_ratio_z,0.04537933873765601,1.6868945113756115,0.5286024619840695,0.004270650241635845,0.0012124855213373317,0.003058164720298513,1381
STAR50,5,cf_mom20_dispersion_z,0.044682962143668695,1.6663670570986402,0.5338129496402878,0.0036708520365278017,0.002581422545214231,0.0010894294913135708,1390
STAR50,5,cf_limit_up_like_ratio_z,0.044667654581811954,1.6777535301170512,0.5290780141843971,0.002672327501607562,-7.905490945909346e-05,0.0027513824110666552,1410
STAR50,5,cf_crowding_amount20_beta_ratio_chg20,0.0435211476372131,1.6421357821850107,0.5193253689388616,0.005028004000467276,1.6319021410301382e-05,0.005011684979056975,1423
STAR50,5,cf_crowding_amount20_amount_ratio_chg20,0.04216758971138057,1.590971027395304,0.517217146872804,0.0032410063555871607,0.0026133310615956144,0.0006276752939915462,1423
STAR50,5,cf_above_ma20_ratio_z,0.0391652723101436,1.4707397142150278,0.524113475177305,0.00566107272193356,-0.0028122326113092185,0.00847330533324278,1410
STAR50,5,cf_crowding_mom20_amount_ratio,0.038394950424641416,1.4585672241351781,0.4851004851004851,0.0043798664007776884,0.0013537789652577163,0.003026087435519972,1443
STAR50,5,cf_crowding_mom20_amp_ratio_z,0.0381360479684969,1.4218260208087554,0.5273381294964029,0.004129089541157142,0.002312568862651559,0.0018165206785055832,1390
STAR50,5,cf_crowding_mom20_vol_ratio_z,0.036985136798939576,1.3743792877483323,0.5228095582910934,-0.0006396422057105433,0.0028460918802993224,-0.0034857340860098658,1381
STAR50,5,cf_crowding_mom20_amp_ratio_chg20,0.03503120976857948,1.3255307219457746,0.5146648044692738,0.004180336594828629,0.001400155434786652,0.0027801811600419767,1432
STAR50,5,cf_mom20_median_chg20,0.034267637487042805,1.296603895847111,0.5384078212290503,0.005266428269166384,0.0004094852524646039,0.00485694301670178,1432
STAR50,5,cf_crowding_amount20_amount_ratio,0.03314015068042446,1.2587082722514331,0.4851004851004851,0.002524572181848072,0.0036261848363668965,-0.0011016126545188246,1443
STAR50,5,cf_mom60_mean_chg20,0.03219252193012389,1.2008466736694072,0.5337643678160919,0.003998987722069474,-0.00363944446986658,0.007638432191936054,1392
STAR50,5,cf_above_ma20_ratio,0.030843153126321413,1.1831072287390108,0.47758152173913043,0.004177285811531005,-0.002669497940590109,0.006846783752121114,1472
STAR50,5,cf_crowding_mom20_beta_ratio_z,0.0307485618546149,1.1423846144476075,0.5300506879073136,0.007797895345656282,0.000916980525815011,0.006880914819841271,1381
STAR50,5,cf_crowding_amount20_amp_ratio_chg20,0.03006384168474371,1.1417547317546213,0.5142065142065142,0.0017108707908460015,-0.0007864186017326765,0.002497289392578678,1443
STAR50,5,cf_amount_concentration_top20_z,0.027986792857708304,1.050569069556842,0.48439716312056735,0.0025601736132353343,-0.0014732912114568976,0.004033464824692232,1410
STAR50,5,cf_spread_amount20_ret1d_chg20,0.027632521675498307,1.0493451926609023,0.5086625086625086,0.003959301420168369,-0.0014361075022414295,0.005395408922409799,1443
STAR50,5,cf_mom20_mean_z,0.02717532448709256,1.0128144611344896,0.5489208633093525,0.007219691937617005,-0.0004236325781303562,0.0076433245157473614,1390
STAR50,5,cf_weight_concentration_top20_chg20,0.027121384384541078,1.033131588885681,0.453168044077135,0.0012351241478615708,-0.0017685853234367653,0.003003709471298336,1452
STAR50,5,cf_crowding_mom20_beta_ratio_chg20,0.026896818490039377,1.0142735513165593,0.5249472944483485,0.006020365152993517,0.002026754752070157,0.00399361040092336,1423
STAR50,5,cf_spread_mom20_ret1d_z,0.02480454021151582,0.9243991947346777,0.520863309352518,0.005135174037044523,0.0032786157947284913,0.0018565582423160317,1390
STAR50,5,cf_crowding_mom20_vol_ratio,0.02449476861170377,0.9301128785588078,0.4851004851004851,0.0029420938296235467,0.003251857787772781,-0.0003097639581492342,1443
STAR50,5,cf_spread_amount20_ret1d_z,0.024077743240548292,0.9008460137382177,0.4989293361884368,0.003943978656890654,0.0009296654475255741,0.0030143132093650798,1401
STAR50,5,cf_big_down_ratio,0.02402550681887935,0.9214178138890669,0.26222826086956524,0.004172353738733382,0.000850327726037604,0.003322026012695778,1472
STAR50,5,cf_mom60_dispersion_chg20,0.02238167211276392,0.8346583338830857,0.521551724137931,0.0018109266292511332,0.0009677595802140221,0.0008431670490371111,1392
STAR50,5,cf_spread_amount20_ret1d,0.02091796337803026,0.799722918613518,0.5010252904989747,0.002197618596390729,0.0016180318196263956,0.0005795867767643334,1463
STAR50,5,cf_spread_amount20_next_concentration_z,0.020115492922098355,0.7525362401303354,0.5182012847965739,0.0023656850955615853,0.004317378249359896,-0.0019516931537983105,1401
STAR50,5,cf_spread_amount20_next_concentration,0.017383469192838327,0.6645492753710311,0.4805194805194805,0.002671767291075086,0.0034397175521160817,-0.0007679502610409956,1463
STAR50,5,cf_crowding_amount20_amount_ratio_z,0.016483891892345046,0.6122106801111936,0.5228095582910934,0.0017193993182964425,0.004393515423026058,-0.002674116104729616,1381
STAR50,5,cf_weight_concentration_top20_z,0.015419200891072541,0.5786484943438782,0.4773049645390071,0.008902452873655705,0.004275391178027331,0.004627061695628374,1410
STAR50,5,cf_spread_mom20_next_concentration_z,0.015084304574544403,0.562042866945197,0.5158273381294964,0.004191555222078295,0.002548666651940632,0.0016428885701376627,1390
STAR50,5,cf_mom20_dispersion,0.014835949901864397,0.5649983243284775,0.4834710743801653,0.0027146102111428715,0.00024388177500706015,0.0024707284361358112,1452
STAR50,5,cf_crowding_amount20_beta_ratio,0.012451883024456512,0.472716426291349,0.4851004851004851,0.002928778120613248,-0.0005747441821169348,0.0035035223027301827,1443
STAR50,5,cf_crowding_amount20_beta_ratio_z,0.011542856320142035,0.4286712496387607,0.4945691527878349,0.0035431493842058262,-8.504730656578188e-05,0.003628196690771608,1381
STAR50,5,cf_spread_mom20_ret1d,0.010002110398509366,0.3808880697933768,0.4834710743801653,0.003948536604306397,0.0028149613970526784,0.001133575207253719,1452
STAR50,5,cf_limit_up_like_ratio_chg20,0.0071982636618803,0.2741088155914254,0.25,0.001728959851312278,0.0018777894935935364,-0.0001488296422812584,1452
STAR50,5,cf_mom20_median_z,0.005791215377084156,0.21576039706655972,0.5251798561151079,0.004191431365262756,0.00011967053025084093,0.0040717608350119144,1390
STAR50,5,cf_crowding_amount20_vol_ratio_chg20,0.005785583497824229,0.21809789471193694,0.5122979620520028,0.0007190907364503112,0.0045107073546245945,-0.0037916166181742833,1423
STAR50,5,cf_mom20_mean,0.0054795470359552,0.20865806729192715,0.5296143250688705,0.005217401619502434,-0.0005292442032110815,0.005746645822713515,1452
STAR50,5,cf_spread_mom20_next_concentration,0.00453148910100479,0.172555735797521,0.4834710743801653,0.003826313888913356,0.0036277631449584207,0.00019855074395493544,1452
STAR50,5,cf_near_high_60d_ratio_z,0.004170965042157295,0.15650984274208452,0.5148936170212766,0.0052156919721522005,0.00017866747158783614,0.0050370245005643645,1410
STAR50,5,cf_crowding_amount20_amp_ratio,0.001700160552430718,0.06498538122430626,0.4805194805194805,0.0006151726282218897,0.0037883713181650646,-0.003173198689943175,1463
STAR50,5,cf_crowding_mom20_beta_ratio,0.0003088817466355589,0.011725307891609122,0.4851004851004851,0.005318023057399479,-0.0003943426809414726,0.005712365738340951,1443
STAR50,5,cf_spread_mom20_ret1d_chg20,-0.0017259613733901721,-0.06526791476125016,0.4993016759776536,0.0013087350127350189,-5.7698727065148886e-05,0.0013664337398001678,1432
STAR50,5,cf_limit_up_like_ratio,-0.0018701878673780873,-0.07170421111801148,0.16032608695652173,0.003660886951569014,0.0016767188018535705,0.0019841681497154437,1472
STAR50,5,cf_crowding_amount20_amp_ratio_z,-0.009718564005709626,-0.36352264288497604,0.4982155603140614,0.001809268840008992,0.005091375614128765,-0.0032821067741197725,1401
STAR50,5,cf_up_ratio_1d_z,-0.011264152873589187,-0.4226952981560536,0.5042553191489362,0.00322089510929603,8.296775073149297e-05,0.003137927358564537,1410
STAR50,5,cf_weighted_up_ratio_1d_z,-0.011338454580363432,-0.42548387954659517,0.5106382978723404,0.002892029062814168,0.0016209543500235789,0.001271074712790589,1410
STAR50,5,cf_near_high_60d_ratio,-0.013811079792128391,-0.529575305770197,0.25747282608695654,0.0038085672485356926,0.0019065462419667254,0.0019020210065689672,1472
STAR50,5,cf_mom20_median,-0.014613025770575685,-0.5565068648498855,0.5247933884297521,0.004909102505277253,0.0008046656129695413,0.004104436892307712,1452
STAR50,5,cf_weighted_up_ratio_1d,-0.017505841037666833,-0.6712869490349642,0.47690217391304346,0.0030505958139303733,0.001583628455118194,0.0014669673588121794,1472
STAR50,5,cf_up_ratio_1d,-0.02024955916052881,-0.7765390473863892,0.47690217391304346,0.00261345672648142,0.0004007746049753819,0.002212682121506038,1472
STAR50,5,cf_mom60_dispersion,-0.0235897594860649,-0.8860412484081007,0.48229461756373937,-0.004661605967015335,0.004051551216888747,-0.008713157183904082,1412
STAR50,5,cf_mom60_mean,-0.024073883132047162,-0.9042355738885595,0.49575070821529743,0.0023178975331221373,0.004914144357501418,-0.0025962468243792805,1412
STAR50,5,cf_up_ratio_1d_chg20,-0.029509394310488327,-1.1241738321378674,0.493801652892562,0.0018441372417782908,0.0029692228833353568,-0.001125085641557066,1452
STAR50,5,cf_weighted_up_ratio_1d_chg20,-0.0329790522096415,-1.2564883698774147,0.4889807162534435,0.0028302798171188736,0.002196959007667828,0.0006333208094510458,1452
STAR50,5,cf_amp20_mean,-0.03474065183470049,-1.33278122530017,0.4796195652173913,-0.003402334771668941,0.006664219479852511,-0.010066554251521451,1472
STAR50,5,cf_amp20_mean_z,-0.039945716132784304,-1.500093429422681,0.5056737588652482,-0.003538984121979191,0.007934808365005876,-0.011473792486985067,1410
STAR50,5,cf_mom60_mean_z,-0.04352932246693505,-1.5997005526235117,0.48074074074074075,0.0033992575306176984,0.002684576200367609,0.0007146813302500894,1350
STAR50,5,cf_near_high_60d_ratio_chg20,-0.04491564493924647,-1.712064648277529,0.33608815426997246,0.00453676698003645,0.002780907626830217,0.0017558593532062327,1452
STAR50,5,cf_mom60_dispersion_z,-0.05463070456798299,-2.008772691591381,0.4711111111111111,-0.0015647868533629112,0.00803588038592825,-0.009600667239291162,1350
STAR50,5,cf_crowding_amount20_vol_ratio,-0.06331443992471882,-2.40828006898785,0.4851004851004851,-0.0010609122122622475,0.009095809473903382,-0.010156721686165628,1443
STAR50,5,cf_crowding_amount20_vol_ratio_z,-0.07322588565557873,-2.726554914896031,0.47646632874728456,-0.0005667136207279158,0.011452918828721742,-0.012019632449449657,1381
STAR50,5,cf_amp20_mean_chg20,-0.07950787242175969,-3.037184585754088,0.4669421487603306,-0.0043948180419422,0.007202600013464242,-0.011597418055406442,1452
STAR50,20,cf_amount_ratio20_mean_chg20,0.16991268504274967,6.510988856567263,0.5532212885154062,0.02774146543837742,-0.011428001634347408,0.039169467072724826,1428
STAR50,20,cf_crowding_mom20_amount_ratio_chg20,0.16471329706806861,6.261725426958725,0.5610795454545454,0.025812712460691046,-0.010447498994451397,0.036260211455142445,1408
STAR50,20,cf_amount_ratio20_top20_chg20,0.16245962189742846,6.217465523760546,0.5483193277310925,0.02712152240158847,-0.011915682675303527,0.039037205076892,1428
STAR50,20,cf_amount_ratio20_top20_z,0.14005725455521,5.262299405228355,0.549062049062049,0.029413331761557852,-0.011162757118167407,0.04057608887972526,1386
STAR50,20,cf_amount_ratio20_mean_z,0.13489700035838884,5.064752233462968,0.5476190476190477,0.026515332694965053,-0.008753707859461276,0.035269040554426326,1386
STAR50,20,cf_amount_ratio20_mean,0.11900037834459294,4.557529736905985,0.5366022099447514,0.02399792431582416,-0.007901765781000169,0.03189969009682433,1448
STAR50,20,cf_spread_mom20_next_concentration_chg20,0.11268425220837275,4.265956095972205,0.544107268877911,0.02279536914181902,-0.007535651394027306,0.030331020535846326,1417
STAR50,20,cf_amount_concentration_top20,0.11228911315657296,4.3104690611114265,0.44063143445435826,0.013867110793143038,-0.007353352106222802,0.02122046289936584,1457
STAR50,20,cf_amount_ratio20_top20,0.11056009078689216,4.230124948594423,0.4924033149171271,0.025772634550701695,-0.009598022967141167,0.035370657517842866,1448
STAR50,20,cf_weighted_above_ma20_chg20,0.10668724421042554,4.064660039845008,0.5316631871955463,0.015255418001445583,-0.01082132142398527,0.026076739425430852,1437
STAR50,20,cf_crowding_amount20_amount_ratio,0.0998469616953242,3.7893987820010366,0.44537815126050423,0.019102822125478112,0.0012799958501342758,0.017822826275343838,1428
STAR50,20,cf_crowding_amount20_amount_ratio_chg20,0.09802942613671617,3.6935667037518067,0.5475852272727273,0.020607322024006277,0.0019581743493282725,0.018649147674678006,1408
STAR50,20,cf_mom20_dispersion_chg20,0.09362159482099285,3.5372515158361693,0.5314043754410727,0.005395732388108983,-0.007716822842451004,0.013112555230559986,1417
STAR50,20,cf_weight_concentration_top20,0.09274439670415317,3.552998740162612,0.44063143445435826,0.0007546875034620701,-0.02170452872586193,0.022459216229324,1457
STAR50,20,cf_crowding_amount20_amount_ratio_z,0.09022504120639313,3.3458711197674607,0.5636896046852123,0.016569130055654916,0.005015007093028491,0.011554122962626425,1366
STAR50,20,cf_spread_amount20_ret1d_chg20,0.0803458620272857,3.0438945731099247,0.5259103641456583,0.015086861276577986,-0.004234242167961064,0.01932110344453905,1428
STAR50,20,cf_amount_concentration_top20_chg20,0.07794999349684352,2.961866564032382,0.5455810716771051,0.0066602148240240185,-0.004410023737901334,0.011070238561925353,1437
STAR50,20,cf_above_ma20_ratio_chg20,0.07147741707137042,2.714607560983558,0.4940848990953375,0.013357242805701377,-0.005359330323276283,0.018716573128977662,1437
STAR50,20,cf_near_high_60d_ratio_chg20,0.06742928527983653,2.560142053195248,0.36256089074460685,0.017465801493973265,0.0015643841553592015,0.01590141733861406,1437
STAR50,20,cf_crowding_mom20_vol_ratio_chg20,0.062196727115347294,2.336693986578703,0.5276988636363636,0.004948786820736289,-0.001485236561254646,0.006434023381990935,1408
STAR50,20,cf_big_down_ratio_z,0.06192906882147343,2.3158184754884408,0.5189964157706093,0.006254446068115346,-0.003331115901738195,0.00958556196985354,1395
STAR50,20,cf_spread_amount20_next_concentration_chg20,0.0590868948969458,2.235169047536741,0.5245098039215687,0.015320843890230666,0.005382002273859528,0.009938841616371138,1428
STAR50,20,cf_limit_up_like_ratio_chg20,0.059084525391902176,2.242121199760235,0.2567849686847599,0.012371432063484875,0.0074992276980828144,0.004872204365402061,1437
STAR50,20,cf_near_high_60d_ratio_z,0.05757380687634768,2.1523925880191004,0.5369175627240144,0.01444365425774318,0.0044500903541384446,0.009993563903604735,1395
STAR50,20,cf_limit_up_like_ratio_z,0.05717870338451894,2.137573054232136,0.5369175627240144,0.01056579820207593,0.010173402100762124,0.000392396101313806,1395
STAR50,20,cf_amount_concentration_top20_z,0.056686014194080606,2.1190946889140796,0.5125448028673835,0.013879813546999001,-0.0002980000418116544,0.014177813588810656,1395
STAR50,20,cf_crowding_mom20_amp_ratio_chg20,0.05492608992054884,2.0692501713171034,0.5250529287226535,0.013257406110736716,-0.0008617960556156814,0.014119202166352398,1417
STAR50,20,cf_spread_amount20_next_concentration_z,0.05214243849482358,1.9424532441847528,0.5266955266955267,0.016889791906518212,0.010206040267512647,0.006683751639005565,1386
STAR50,20,cf_spread_amount20_ret1d_z,0.05175444511986251,1.9279604292392325,0.5310245310245311,0.013658805792491747,-0.0024375232247493698,0.016096329017241118,1386
STAR50,20,cf_big_down_ratio_chg20,0.05158131501109053,1.956576708204174,0.3743910925539318,0.009800380951447583,0.004038188996633565,0.0057621919548140185,1437
STAR50,20,cf_weighted_above_ma20_z,0.05012944397153829,1.8733322732577653,0.5182795698924731,0.01780077983446907,0.0037045399172950825,0.014096239917173986,1395
STAR50,20,cf_spread_amount20_next_concentration,0.045953034187905466,1.7492720997843938,0.44337016574585636,0.01700269988504214,0.006859399857400495,0.010143300027641645,1448
STAR50,20,cf_crowding_mom20_beta_ratio_z,0.04121460372862114,1.5234474671273588,0.5190336749633968,0.018657714662935414,0.0076327290613327995,0.011024985601602614,1366
STAR50,20,cf_weighted_above_ma20,0.03935300637611564,1.5022629632911777,0.44063143445435826,0.015084836876725153,0.01091614852459557,0.004168688352129583,1457
STAR50,20,cf_spread_amount20_ret1d,0.03849801093794605,1.4650232263481762,0.4993093922651934,0.010476570671979596,-0.0036940839608216275,0.014170654632801224,1448
STAR50,20,cf_crowding_mom20_amount_ratio,0.03318625995943333,1.2538839856498656,0.44537815126050423,0.010134409705160342,0.004703511748089101,0.005430897957071241,1428
STAR50,20,cf_crowding_mom20_amount_ratio_z,0.03055912792123259,1.1291483949481784,0.5234260614934114,0.014722512870925512,0.0057465804683351895,0.008975932402590323,1366
STAR50,20,cf_crowding_mom20_amp_ratio,0.029582919871398532,1.1211329255159348,0.44606819763395966,0.00795755638446818,0.0033998657957274563,0.004557690588740724,1437
STAR50,20,cf_above_ma20_ratio_z,0.029091405016495975,1.0862357861712535,0.5096774193548387,0.014266487597818721,0.003557944874200567,0.010708542723618155,1395
STAR50,20,cf_spread_mom20_ret1d_chg20,0.026061831754473557,0.9806876301937812,0.5123500352858151,0.010382130565726637,0.002929163652310273,0.007452966913416364,1417
STAR50,20,cf_near_high_60d_ratio,0.02408615777409707,0.9190201560823033,0.23266986959505834,0.01643471991327176,0.00719402544069298,0.00924069447257878,1457
STAR50,20,cf_crowding_mom20_amp_ratio_z,0.021345024326744646,0.7910990805061527,0.5127272727272727,0.008730200417282005,0.006031074040331987,0.0026991263769500177,1375
STAR50,20,cf_above_ma20_ratio,0.018015877244501315,0.6873175003755764,0.44063143445435826,0.01078369950735014,0.009818877533217139,0.0009648219741330011,1457
STAR50,20,cf_mom20_mean_chg20,0.009467350958363617,0.3561444334940699,0.5052928722653494,0.0029950575036379245,-0.00035515875199524684,0.0033502162556331714,1417
STAR50,20,cf_weighted_up_ratio_1d_chg20,0.009100516605638796,0.34475453025210695,0.5038274182324287,0.009622404710837133,0.0019507271289624724,0.007671677581874661,1437
STAR50,20,cf_weighted_up_ratio_1d_z,0.0037290923574459785,0.13918156562038683,0.5132616487455197,0.011755659749344956,0.006613044783185416,0.00514261496615954,1395
STAR50,20,cf_spread_mom20_ret1d_z,0.003171482777403363,0.11751676023520488,0.5229090909090909,0.011713378229821977,0.011569372090276291,0.0001440061395456861,1375
STAR50,20,cf_up_ratio_1d_chg20,0.0018575965216876481,0.07036846686108035,0.4906054279749478,0.010531315487498367,0.005232285188999791,0.005299030298498576,1437
STAR50,20,cf_crowding_mom20_beta_ratio_chg20,0.0012296128259736408,0.0461064169376693,0.48011363636363635,0.009612216017786175,0.004814814065277924,0.004797401952508251,1408
STAR50,20,cf_up_ratio_1d_z,-0.00011178679448261509,-0.004172209078481073,0.5053763440860215,0.010388127326955482,0.008254216453502676,0.002133910873452806,1395
STAR50,20,cf_spread_mom20_next_concentration_z,-0.0010993103575616017,-0.040733886682145136,0.49527272727272725,0.010190844166218425,0.01316742082034677,-0.002976576654128345,1375
STAR50,20,cf_amp20_mean,-0.0025554654834758555,-0.09747717493735587,0.44063143445435826,0.0006092879242845095,0.011187759466112035,-0.010578471541827525,1457
STAR50,20,cf_weight_concentration_top20_z,-0.0033658659471715122,-0.12562464097091056,0.4731182795698925,0.01793591247221207,0.005325203406219584,0.012610709065992487,1395
STAR50,20,cf_mom20_median_chg20,-0.00758717146743322,-0.2854109423524193,0.49964714184897674,0.0009747004660292765,0.0034591379823523697,-0.002484437516323093,1417
STAR50,20,cf_crowding_amount20_amp_ratio,-0.010145004215418522,-0.3857968954358762,0.44337016574585636,0.0047601646284150985,0.006807966822006234,-0.002047802193591136,1448
STAR50,20,cf_weighted_up_ratio_1d,-0.010649117326967316,-0.40622788835245954,0.43925875085792726,0.011393839947485822,0.006432987893229055,0.004960852054256767,1457
STAR50,20,cf_spread_mom20_next_concentration,-0.011298948263158193,-0.42804723370548436,0.44606819763395966,0.011194019985753203,0.01276060639630431,-0.001566586410551107,1437
STAR50,20,cf_crowding_amount20_beta_ratio_chg20,-0.011973406427899399,-0.44899501358623933,0.48082386363636365,0.0068622426989753665,0.00904846244712251,-0.002186219748147143,1408
STAR50,20,cf_up_ratio_1d,-0.014490568253051036,-0.5527929734773406,0.43925875085792726,0.009972302741063385,0.00932561152407412,0.0006466912169892647,1457
STAR50,20,cf_crowding_mom20_beta_ratio,-0.015857269283619878,-0.5988840865922979,0.44537815126050423,0.010225014757171151,0.0005996805397638883,0.009625334217407263,1428
STAR50,20,cf_big_down_ratio,-0.01672195125313168,-0.6379390359044413,0.23266986959505834,0.00918502630900942,0.010534424574686526,-0.001349398265677107,1457
STAR50,20,cf_crowding_amount20_vol_ratio_chg20,-0.017914750260385463,-0.6718512363166249,0.5099431818181818,0.0020780855140538927,0.012864915931802013,-0.010786830417748122,1408
STAR50,20,cf_amp20_mean_z,-0.01832471073415355,-0.684046484380107,0.5010752688172043,0.0003886516935325489,0.013835057826034397,-0.013446406132501847,1395
STAR50,20,cf_crowding_mom20_vol_ratio_z,-0.0183427966319187,-0.6775569578960505,0.5153733528550513,-0.006076113367349615,0.020433110269261034,-0.02650922363661065,1366
STAR50,20,cf_crowding_amount20_beta_ratio_z,-0.021227769671583865,-0.7841685572804055,0.49194729136163984,0.010646123988122137,0.014350158757393115,-0.0037040347692709787,1366
STAR50,20,cf_crowding_amount20_amp_ratio_chg20,-0.022452598900242534,-0.8480781546606051,0.5091036414565826,0.0022913357681538077,0.00824554057936844,-0.005954204811214631,1428
STAR50,20,cf_spread_mom20_ret1d,-0.023668446484672125,-0.8968449824868129,0.4662491301322199,0.008644885973313093,0.008099642835843223,0.0005452431374698696,1437
STAR50,20,cf_mom60_mean_chg20,-0.024271915161882377,-0.9002919342143308,0.47639796659404504,0.0007195553344186353,0.009251433476560147,-0.008531878142141512,1377
STAR50,20,cf_crowding_mom20_vol_ratio,-0.026998487699660668,-1.0198998812905014,0.44537815126050423,0.005774839434089057,0.015115063863019758,-0.009340224428930701,1428
STAR50,20,cf_crowding_amount20_beta_ratio,-0.028525252556555056,-1.077620944002092,0.44537815126050423,0.010623974954405029,0.007470895875929224,0.0031530790784758045,1428
STAR50,20,cf_crowding_amount20_amp_ratio_z,-0.028901997700979475,-1.0756658269054642,0.481962481962482,0.005029614650655858,0.0095687515251157,-0.004539136874459841,1386
STAR50,20,cf_mom20_dispersion_z,-0.0371942815993796,-1.3791517539221811,0.4989090909090909,-0.005504961578192487,0.027476240795942394,-0.032981202374134884,1375
STAR50,20,cf_limit_up_like_ratio,-0.04376087002075875,-1.670835457432733,0.14275909402882636,0.010552841914281625,0.009639078810303448,0.0009137631039781765,1457
STAR50,20,cf_crowding_amount20_vol_ratio_z,-0.04763703031682524,-1.7613480960951675,0.5073206442166911,0.0019993604783790976,0.022653731933330045,-0.020654371454950946,1366
STAR50,20,cf_crowding_amount20_vol_ratio,-0.04783971461762345,-1.8086139824666518,0.44537815126050423,0.0020453383987934196,0.017003486124382447,-0.014958147725589028,1428
STAR50,20,cf_mom20_mean_z,-0.052515722370449706,-1.9486072330916877,0.4938181818181818,0.0023728595656876367,0.008876227252279262,-0.006503367686591625,1375
STAR50,20,cf_mom20_median_z,-0.05506825798351136,-2.043601012900827,0.47345454545454546,0.003935266425924771,0.008254700449160943,-0.004319434023236172,1375
STAR50,20,cf_mom60_dispersion_chg20,-0.06508930149168385,-2.418704897761551,0.5076252723311547,-0.004965489540440753,0.030533546600438433,-0.03549903614087919,1377
STAR50,20,cf_mom20_mean,-0.0712648772392427,-2.706494343703587,0.4933890048712596,0.005275537555135852,0.015144326876365704,-0.009868789321229851,1437
STAR50,20,cf_weight_concentration_top20_chg20,-0.07209808803559893,-2.7383023733721736,0.4398051496172582,-0.013028284461456313,-0.00048680981720289167,-0.012541474644253422,1437
STAR50,20,cf_mom20_median,-0.07851911807298124,-2.9836252570462203,0.5142658315935977,0.008791088579306043,0.01594288375711221,-0.007151795177806168,1437
STAR50,20,cf_mom20_dispersion,-0.08684070333604688,-3.3021216063391923,0.44606819763395966,-0.0009481469214641481,0.02359761468650667,-0.02454576160797082,1437
STAR50,20,cf_mom60_mean,-0.09000548495447383,-3.3753774998098116,0.4874731567644954,-0.010683804548380001,0.03738470174997734,-0.04806850629835734,1397
STAR50,20,cf_amp20_mean_chg20,-0.11443019808830573,-4.363437553998832,0.4474599860821155,-0.005416326545029694,0.02038051936413105,-0.025796845909160745,1437
STAR50,20,cf_mom60_dispersion,-0.11545604255160583,-4.341280333040599,0.443092340730136,-0.02063043557079428,0.026932653548414908,-0.04756308911920919,1397
STAR50,20,cf_mom60_mean_z,-0.15178500368331607,-5.606673384906291,0.42247191011235957,-0.006040518316599929,0.03060815018801392,-0.03664866850461385,1335
STAR50,20,cf_mom60_dispersion_z,-0.15309134270918767,-5.656080278224086,0.45243445692883894,-0.012993598887384472,0.0346581832854676,-0.04765178217285208,1335
