ann_ret,ann_vol,sharpe,max_drawdown,win_rate,n_days,index,strategy,mode,window,top_n,benchmark_ann_ret,benchmark_sharpe,benchmark_max_drawdown
0.13240564570559976,0.14568060882024503,0.908876251807643,-0.16797394079908967,0.20193050193050194,2590,CSI1000,factor_rotation_h20_w504_top8,weekly_hold,504,8,-0.022272031902523692,-0.0888251309915202,-0.5726438408822501
0.1283905401874148,0.15321797225305447,0.8379600532460073,-0.20906117432842009,0.21351351351351353,2590,CSI1000,factor_rotation_h20_w504_top6,weekly_hold,504,6,-0.022272031902523692,-0.0888251309915202,-0.5726438408822501
0.08346134445441011,0.1231805230833073,0.6775530933406168,-0.20080608803732924,0.1864864864864865,2590,CSI500,factor_rotation_h20_w504_top8,weekly_hold,504,8,0.011553290007773942,0.05059099180254245,-0.4312645022929943
0.08072375778776286,0.13432411809526754,0.6009624997538465,-0.172840776293116,0.19498069498069498,2590,CSI500,factor_rotation_h20_w504_top6,weekly_hold,504,6,0.011553290007773942,0.05059099180254245,-0.4312645022929943
0.10846027042263273,0.18576473950104844,0.5838582215007525,-0.24663977317758412,0.13304455445544555,1616,STAR50,factor_rotation_h20_w504_top8,monthly_hold,504,8,0.08096920034539701,0.23790451394273604,-0.626567472120988
0.0823791211759064,0.14881300791119526,0.5535747333664975,-0.2547836594744394,0.3567567567567568,2590,CSI500,factor_rotation_h20_w126_top4,top_quantile,126,4,0.011553290007773942,0.05059099180254245,-0.4312645022929943
0.08193543224255562,0.14806070524389037,0.5533908008042305,-0.2873412274861509,0.20154440154440154,2590,CSI1000,factor_rotation_h20_w504_top4,weekly_hold,504,4,-0.022272031902523692,-0.0888251309915202,-0.5726438408822501
0.07467919062055728,0.14629186244333978,0.5104808249295564,-0.22668758674300704,0.125,1616,STAR50,factor_rotation_h20_w504_top6,weekly_hold,504,6,0.08096920034539701,0.23790451394273604,-0.626567472120988
0.08976354095391348,0.17585928893249758,0.510428203700793,-0.19725264575856571,0.13613861386138615,1616,STAR50,factor_rotation_h20_w504_top4,monthly_hold,504,4,0.08096920034539701,0.23790451394273604,-0.626567472120988
0.09495996699381459,0.1891831386364695,0.5019473071344257,-0.2625196297638155,0.13923267326732675,1616,STAR50,factor_rotation_h20_w504_top4,weekly_hold,504,4,0.08096920034539701,0.23790451394273604,-0.626567472120988
0.09635277656690566,0.19541565155447402,0.4930658102380627,-0.23726682629953677,0.17017326732673269,1616,STAR50,factor_rotation_h20_w252_top4,weekly_hold,252,4,0.08096920034539701,0.23790451394273604,-0.626567472120988
0.07120784144538672,0.15101145166589564,0.4715393479093895,-0.21838623502216503,0.2193050193050193,2590,CSI1000,factor_rotation_h20_w126_top4,weekly_hold,126,4,-0.022272031902523692,-0.0888251309915202,-0.5726438408822501
0.06891785264401018,0.1466548676042195,0.469932255027499,-0.2685234483503812,0.3528957528957529,2590,CSI500,factor_rotation_h20_w126_top6,top_quantile,126,6,0.011553290007773942,0.05059099180254245,-0.4312645022929943
0.05841901968144381,0.12978768652927192,0.4501121889422704,-0.27205129980487996,0.18841698841698842,2590,CSI500,factor_rotation_h20_w504_top6,monthly_hold,504,6,0.011553290007773942,0.05059099180254245,-0.4312645022929943
0.06603757526054754,0.14908164621292738,0.4429624768580077,-0.28166274667337554,0.1996138996138996,2590,CSI1000,factor_rotation_h20_w504_top8,monthly_hold,504,8,-0.022272031902523692,-0.0888251309915202,-0.5726438408822501
0.06127958806966061,0.1452854024724173,0.4217876471195697,-0.26426107268695065,0.21621621621621623,2590,CSI500,factor_rotation_h20_w126_top4,monthly_hold,126,4,0.011553290007773942,0.05059099180254245,-0.4312645022929943
0.058564811782236825,0.1430070156082047,0.40952404700680156,-0.2884578497282416,0.2111969111969112,2590,CSI500,factor_rotation_h20_w126_top6,monthly_hold,126,6,0.011553290007773942,0.05059099180254245,-0.4312645022929943
0.051526811240112824,0.14611884287807497,0.3526363214024903,-0.28932113039666585,0.1972972972972973,2590,CSI1000,factor_rotation_h20_w504_top6,monthly_hold,504,6,-0.022272031902523692,-0.0888251309915202,-0.5726438408822501
0.049241003256824456,0.1402750489395952,0.35103180237013115,-0.2815655432532479,0.3675675675675676,2590,CSI500,factor_rotation_h20_w504_top6,top_quantile,504,6,0.011553290007773942,0.05059099180254245,-0.4312645022929943
0.06511537010873014,0.19056938938175552,0.34168850684770086,-0.34843892461254433,0.1676980198019802,1616,STAR50,factor_rotation_h20_w252_top8,weekly_hold,252,8,0.08096920034539701,0.23790451394273604,-0.626567472120988
0.05289779519465476,0.15734841938804023,0.33618256478447617,-0.2953009420096072,0.3799227799227799,2590,CSI1000,factor_rotation_h20_w504_top8,top_quantile,504,8,-0.022272031902523692,-0.0888251309915202,-0.5726438408822501
0.044125817904849596,0.1339967303409813,0.32930518373517537,-0.29557719560989193,0.19034749034749035,2590,CSI500,factor_rotation_h20_w504_top8,monthly_hold,504,8,0.011553290007773942,0.05059099180254245,-0.4312645022929943
0.047071582523825706,0.148421240818025,0.3171485581470028,-0.319559243759184,0.22277992277992278,2590,CSI500,factor_rotation_h20_w126_top4,weekly_hold,126,4,0.011553290007773942,0.05059099180254245,-0.4312645022929943
0.04848237128998156,0.15305671798299453,0.3167608186617998,-0.29521209556365513,0.22084942084942086,2590,CSI1000,factor_rotation_h20_w126_top4,monthly_hold,126,4,-0.022272031902523692,-0.0888251309915202,-0.5726438408822501
0.05815113847403719,0.1890336730078892,0.30762317394959726,-0.2223414533245156,0.1219059405940594,1616,STAR50,factor_rotation_h20_w504_top8,weekly_hold,504,8,0.08096920034539701,0.23790451394273604,-0.626567472120988
0.04290674764797209,0.13965588870962042,0.30723192587450404,-0.22341069539610725,0.2030888030888031,2590,CSI500,factor_rotation_h20_w504_top4,weekly_hold,504,4,0.011553290007773942,0.05059099180254245,-0.4312645022929943
0.04346756571194166,0.14482378360290582,0.3001410723471079,-0.3264499448665995,0.34633204633204634,2590,CSI500,factor_rotation_h20_w126_top8,top_quantile,126,8,0.011553290007773942,0.05059099180254245,-0.4312645022929943
0.04262628380568678,0.14244797333909942,0.29924106890741303,-0.24268019986152323,0.21003861003861005,2590,CSI500,factor_rotation_h20_w126_top6,weekly_hold,126,6,0.011553290007773942,0.05059099180254245,-0.4312645022929943
0.04928203331389347,0.16754804142581217,0.29413673173681854,-0.3166694109486874,0.17264851485148514,1616,STAR50,factor_rotation_h20_w126_top6,monthly_hold,126,6,0.08096920034539701,0.23790451394273604,-0.626567472120988
0.04327264309796175,0.1561387096063756,0.2771423128002769,-0.32604589612657675,0.35714285714285715,2590,CSI1000,factor_rotation_h20_w126_top4,top_quantile,126,4,-0.022272031902523692,-0.0888251309915202,-0.5726438408822501
0.04390622634929686,0.16061532381911647,0.27336262384742105,-0.40959260165091704,0.22007722007722008,2590,CSI1000,factor_rotation_h20_w252_top4,weekly_hold,252,4,-0.022272031902523692,-0.0888251309915202,-0.5726438408822501
0.04551219051130295,0.17511480857809325,0.25989915348025283,-0.40400943525290134,0.17574257425742573,1616,STAR50,factor_rotation_h20_w126_top8,weekly_hold,126,8,0.08096920034539701,0.23790451394273604,-0.626567472120988
0.03495533379506721,0.14244097845477083,0.24540223027298672,-0.3019251739619193,0.3667953667953668,2590,CSI500,factor_rotation_h20_w504_top8,top_quantile,504,8,0.011553290007773942,0.05059099180254245,-0.4312645022929943
0.043216733994411616,0.17703412441331232,0.24411527516308532,-0.31689326029858345,0.3292079207920792,1616,STAR50,factor_rotation_h20_w252_top8,top_quantile,252,8,0.08096920034539701,0.23790451394273604,-0.626567472120988
0.0378636195174904,0.15730453868650912,0.2407026512626472,-0.3922914306919648,0.3528957528957529,2590,CSI1000,factor_rotation_h20_w126_top6,top_quantile,126,6,-0.022272031902523692,-0.0888251309915202,-0.5726438408822501
0.04566495190802167,0.1936876548914503,0.2357659394121633,-0.31585205604344646,0.36014851485148514,1616,STAR50,factor_rotation_h20_w504_top4,top_quantile,504,4,0.08096920034539701,0.23790451394273604,-0.626567472120988
0.03407118210720017,0.1536875255518762,0.22169126599477762,-0.2845825641817191,0.3745173745173745,2590,CSI1000,factor_rotation_h20_w504_top6,top_quantile,504,6,-0.022272031902523692,-0.0888251309915202,-0.5726438408822501
0.045663661924785215,0.20964277922258504,0.21781652625537137,-0.31333927642692494,0.35457920792079206,1616,STAR50,factor_rotation_h20_w504_top8,top_quantile,504,8,0.08096920034539701,0.23790451394273604,-0.626567472120988
0.02728187726166853,0.1331877344758017,0.20483776054187072,-0.26769583418442267,0.19034749034749035,2590,CSI500,factor_rotation_h20_w504_top4,monthly_hold,504,4,0.011553290007773942,0.05059099180254245,-0.4312645022929943
0.032163497869855506,0.1610737520338282,0.19968180702154767,-0.403847384918248,0.16522277227722773,1616,STAR50,factor_rotation_h20_w252_top6,weekly_hold,252,6,0.08096920034539701,0.23790451394273604,-0.626567472120988
0.02697381568480184,0.14045247652037368,0.1920494131044324,-0.2515170903933184,0.21428571428571427,2590,CSI500,factor_rotation_h20_w126_top8,weekly_hold,126,8,0.011553290007773942,0.05059099180254245,-0.4312645022929943
0.025786635401866542,0.13902174504402182,0.18548634527426697,-0.30285836319675474,0.20810810810810812,2590,CSI500,factor_rotation_h20_w126_top8,monthly_hold,126,8,0.011553290007773942,0.05059099180254245,-0.4312645022929943
0.03256447315335631,0.17951368456509126,0.18140384802557213,-0.30912265869431543,0.33601485148514854,1616,STAR50,factor_rotation_h20_w252_top6,top_quantile,252,6,0.08096920034539701,0.23790451394273604,-0.626567472120988
0.03154452732807944,0.1770049934000415,0.17821264091000524,-0.4245179804697182,0.17202970297029702,1616,STAR50,factor_rotation_h20_w126_top6,weekly_hold,126,6,0.08096920034539701,0.23790451394273604,-0.626567472120988
0.0305593806850748,0.17380802701133038,0.17582260848679135,-0.4349132861118772,0.16336633663366337,1616,STAR50,factor_rotation_h20_w126_top4,weekly_hold,126,4,0.08096920034539701,0.23790451394273604,-0.626567472120988
0.025354109041548556,0.14867479046670518,0.17053401563210177,-0.30769593608640355,0.21544401544401545,2590,CSI1000,factor_rotation_h20_w126_top6,weekly_hold,126,6,-0.022272031902523692,-0.0888251309915202,-0.5726438408822501
0.023622047497796395,0.13947343200470505,0.16936592982812324,-0.3251751741625746,0.37104247104247107,2590,CSI500,factor_rotation_h20_w504_top4,top_quantile,504,4,0.011553290007773942,0.05059099180254245,-0.4312645022929943
0.0253144111014858,0.15080568480458886,0.16786111965399536,-0.3017249171557962,0.21737451737451738,2590,CSI1000,factor_rotation_h20_w126_top6,monthly_hold,126,6,-0.022272031902523692,-0.0888251309915202,-0.5726438408822501
0.024841586066123744,0.14972923587343723,0.16591005705206283,-0.30547139513345745,0.37065637065637064,2590,CSI1000,factor_rotation_h20_w504_top4,top_quantile,504,4,-0.022272031902523692,-0.0888251309915202,-0.5726438408822501
0.025737828622063308,0.15611149969820473,0.16486824270998462,-0.3898226450907122,0.35057915057915057,2590,CSI1000,factor_rotation_h20_w126_top8,top_quantile,126,8,-0.022272031902523692,-0.0888251309915202,-0.5726438408822501
0.024922867497839896,0.1573778803863992,0.15836321747788493,-0.35357576712852856,0.1676980198019802,1616,STAR50,factor_rotation_h20_w252_top8,monthly_hold,252,8,0.08096920034539701,0.23790451394273604,-0.626567472120988
0.020878741257653433,0.15288438554473657,0.13656555692892494,-0.4144331848754428,0.19845559845559846,2590,CSI1000,factor_rotation_h20_w252_top6,weekly_hold,252,6,-0.022272031902523692,-0.0888251309915202,-0.5726438408822501
0.018864672458152043,0.16197423706032726,0.11646711724362623,-0.4536920206045303,0.17388613861386137,1616,STAR50,factor_rotation_h20_w252_top4,monthly_hold,252,4,0.08096920034539701,0.23790451394273604,-0.626567472120988
0.021654331413336614,0.1865837284248761,0.116056912337108,-0.4134055321995481,0.33292079207920794,1616,STAR50,factor_rotation_h20_w126_top6,top_quantile,126,6,0.08096920034539701,0.23790451394273604,-0.626567472120988
0.016743335238740276,0.15202685020450218,0.11013406655612228,-0.4152153997025826,0.2254826254826255,2590,CSI1000,factor_rotation_h20_w252_top4,monthly_hold,252,4,-0.022272031902523692,-0.0888251309915202,-0.5726438408822501
0.015196494555873352,0.14137196585718217,0.10749298465033207,-0.2394342673831047,0.18687258687258687,2590,CSI1000,factor_rotation_h20_w504_top4,monthly_hold,504,4,-0.022272031902523692,-0.0888251309915202,-0.5726438408822501
0.013197570135643932,0.1550871384329945,0.08509777321957586,-0.4486614877730343,0.21351351351351353,2590,CSI1000,factor_rotation_h20_w252_top8,weekly_hold,252,8,-0.022272031902523692,-0.0888251309915202,-0.5726438408822501
0.012870712779772697,0.16111488265964444,0.07988531268686151,-0.38176740039711776,0.17017326732673269,1616,STAR50,factor_rotation_h20_w252_top6,monthly_hold,252,6,0.08096920034539701,0.23790451394273604,-0.626567472120988
0.014146878854188971,0.17880622551713649,0.07911849161444974,-0.45503457956769644,0.3353960396039604,1616,STAR50,factor_rotation_h20_w252_top4,top_quantile,252,4,0.08096920034539701,0.23790451394273604,-0.626567472120988
0.008902674595459237,0.14438781200166217,0.0616580753738186,-0.3106527242951621,0.21081081081081082,2590,CSI500,factor_rotation_h20_w252_top8,weekly_hold,252,8,0.011553290007773942,0.05059099180254245,-0.4312645022929943
0.00855279568172218,0.15428467340176663,0.05543516081762822,-0.3618344387667465,0.21698841698841698,2590,CSI1000,factor_rotation_h20_w126_top8,weekly_hold,126,8,-0.022272031902523692,-0.0888251309915202,-0.5726438408822501
0.0010578914236036852,0.15409736998019455,0.006865084223953019,-0.4792492270060239,0.22123552123552123,2590,CSI1000,factor_rotation_h20_w252_top6,monthly_hold,252,6,-0.022272031902523692,-0.0888251309915202,-0.5726438408822501
0.0008625776436395061,0.17190948536508177,0.005017626815691187,-0.3846939635548874,0.1670792079207921,1616,STAR50,factor_rotation_h20_w126_top8,monthly_hold,126,8,0.08096920034539701,0.23790451394273604,-0.626567472120988
-0.00022317818719141957,0.15312595753602562,-0.001457481088005036,-0.5450458285110238,0.2247104247104247,2590,CSI1000,factor_rotation_h20_w252_top8,monthly_hold,252,8,-0.022272031902523692,-0.0888251309915202,-0.5726438408822501
-0.0013278072813115438,0.1915361209864797,-0.0069324118838413355,-0.394654375613115,0.3316831683168317,1616,STAR50,factor_rotation_h20_w126_top8,top_quantile,126,8,0.08096920034539701,0.23790451394273604,-0.626567472120988
-0.0036193957316995595,0.1409381305787374,-0.025680741732823857,-0.39041116051288227,0.2166023166023166,2590,CSI500,factor_rotation_h20_w252_top4,weekly_hold,252,4,0.011553290007773942,0.05059099180254245,-0.4312645022929943
-0.005880705385372775,0.15105848242941214,-0.03892999115836319,-0.38764015363793447,0.21698841698841698,2590,CSI1000,factor_rotation_h20_w126_top8,monthly_hold,126,8,-0.022272031902523692,-0.0888251309915202,-0.5726438408822501
-0.006132766071352935,0.15671989603525438,-0.039132019778607814,-0.4812349512066163,0.3555984555984556,2590,CSI1000,factor_rotation_h20_w252_top6,top_quantile,252,6,-0.022272031902523692,-0.0888251309915202,-0.5726438408822501
-0.009892187292469545,0.15730471215018785,-0.06288551154796244,-0.47335062394162575,0.35945945945945945,2590,CSI1000,factor_rotation_h20_w252_top4,top_quantile,252,4,-0.022272031902523692,-0.0888251309915202,-0.5726438408822501
-0.010543984627945147,0.15282208854362922,-0.06899516116045581,-0.26013961041948697,0.12933168316831684,1616,STAR50,factor_rotation_h20_w504_top6,monthly_hold,504,6,0.08096920034539701,0.23790451394273604,-0.626567472120988
-0.011559620997243836,0.1569324559915433,-0.0736598489089265,-0.5360624473233843,0.3567567567567568,2590,CSI1000,factor_rotation_h20_w252_top8,top_quantile,252,8,-0.022272031902523692,-0.0888251309915202,-0.5726438408822501
-0.01130079597387168,0.13929544424403817,-0.08112825250819611,-0.41173576650517507,0.21312741312741312,2590,CSI500,factor_rotation_h20_w252_top6,weekly_hold,252,6,0.011553290007773942,0.05059099180254245,-0.4312645022929943
-0.016050481135822303,0.19194537893389604,-0.08362004454063944,-0.4666554494004044,0.3347772277227723,1616,STAR50,factor_rotation_h20_w126_top4,top_quantile,126,4,0.08096920034539701,0.23790451394273604,-0.626567472120988
-0.014245451978658896,0.1420148152405598,-0.10030961878539527,-0.4225418345091999,0.3474903474903475,2590,CSI500,factor_rotation_h20_w252_top8,top_quantile,252,8,0.011553290007773942,0.05059099180254245,-0.4312645022929943
-0.014548955851487189,0.13600147566757032,-0.10697645580735711,-0.409733983615561,0.21158301158301157,2590,CSI500,factor_rotation_h20_w252_top8,monthly_hold,252,8,0.011553290007773942,0.05059099180254245,-0.4312645022929943
-0.018432042514249125,0.13991110052394226,-0.1317411016368565,-0.4660527293427783,0.34555984555984554,2590,CSI500,factor_rotation_h20_w252_top6,top_quantile,252,6,0.011553290007773942,0.05059099180254245,-0.4312645022929943
-0.03182762400892236,0.1811134825449839,-0.17573304627399675,-0.34860303130199544,0.35457920792079206,1616,STAR50,factor_rotation_h20_w504_top6,top_quantile,504,6,0.08096920034539701,0.23790451394273604,-0.626567472120988
-0.02912462565521745,0.1348545566719474,-0.215970645516022,-0.49886994692351483,0.21428571428571427,2590,CSI500,factor_rotation_h20_w252_top6,monthly_hold,252,6,0.011553290007773942,0.05059099180254245,-0.4312645022929943
-0.0319525836378608,0.139063754190073,-0.2297693156923396,-0.5687470136633789,0.3474903474903475,2590,CSI500,factor_rotation_h20_w252_top4,top_quantile,252,4,0.011553290007773942,0.05059099180254245,-0.4312645022929943
-0.03287244416751989,0.1339389829260299,-0.2454285037066039,-0.550198396842893,0.21776061776061775,2590,CSI500,factor_rotation_h20_w252_top4,monthly_hold,252,4,0.011553290007773942,0.05059099180254245,-0.4312645022929943
-0.04415320254073074,0.1749997627919939,-0.2523043565105376,-0.4887288365749195,0.16336633663366337,1616,STAR50,factor_rotation_h20_w126_top4,monthly_hold,126,4,0.08096920034539701,0.23790451394273604,-0.626567472120988
