index,window,top_n,factor,recent_avg_weight
CSI500,126,4,cf_amp20_mean_chg20,0.282662524856784
CSI500,126,4,cf_spread_amount20_next_concentration_z,0.258216960380015
CSI500,126,4,cf_amount_concentration_top20_chg20,0.25815045344346593
CSI500,126,4,cf_weight_concentration_top20,0.25406683528886037
CSI500,126,4,cf_crowding_amount20_amount_ratio_chg20,0.254044028724638
CSI500,126,4,cf_crowding_mom20_vol_ratio_z,0.2535419996479787
CSI500,126,4,cf_weight_concentration_top20_z,0.25251457864597837
CSI500,126,4,cf_spread_mom20_ret1d,0.25118070952451593
CSI500,126,4,cf_crowding_mom20_vol_ratio_chg20,0.25053802083693955
CSI500,126,4,cf_crowding_amount20_amount_ratio,0.25019255408914126
CSI500,126,4,cf_crowding_amount20_vol_ratio,0.2499779577459413
CSI500,126,4,cf_crowding_mom20_amount_ratio_z,0.2496692385001141
CSI500,126,6,cf_amp20_mean_chg20,0.19151808674011922
CSI500,126,6,cf_crowding_mom20_vol_ratio_z,0.17157462167549936
CSI500,126,6,cf_weight_concentration_top20,0.1712174757897216
CSI500,126,6,cf_spread_mom20_ret1d,0.17008341476958874
CSI500,126,6,cf_crowding_mom20_amount_ratio_z,0.16958992704856313
CSI500,126,6,cf_crowding_amount20_amount_ratio_chg20,0.16934512204580288
CSI500,126,6,cf_amount_concentration_top20_chg20,0.16914170326557332
CSI500,126,6,cf_crowding_mom20_vol_ratio_chg20,0.16911564683412214
CSI500,126,6,cf_weighted_above_ma20,0.16847241476856664
CSI500,126,6,cf_spread_amount20_ret1d,0.16803523852301303
CSI500,126,6,cf_spread_amount20_next_concentration_chg20,0.16792872840767353
CSI500,126,6,cf_crowding_amount20_amount_ratio,0.16792824255391858
CSI500,126,8,cf_amp20_mean_chg20,0.1592769962368017
CSI500,126,8,cf_spread_amount20_next_concentration_chg20,0.14317508210949484
CSI500,126,8,cf_spread_mom20_ret1d,0.1307833102938706
CSI500,126,8,cf_weight_concentration_top20,0.1304156869307613
CSI500,126,8,cf_mom60_dispersion,0.12968987653284728
CSI500,126,8,cf_crowding_mom20_vol_ratio_z,0.12945994757666365
CSI500,126,8,cf_spread_amount20_ret1d,0.12943641220422636
CSI500,126,8,cf_weight_concentration_top20_z,0.1290395785331364
CSI500,126,8,cf_spread_amount20_next_concentration_z,0.1279291405306516
CSI500,126,8,cf_crowding_amount20_amount_ratio_chg20,0.12788335430994735
CSI500,126,8,cf_crowding_mom20_amount_ratio_z,0.12769626293004
CSI500,126,8,cf_crowding_mom20_vol_ratio_chg20,0.12749369896385215
CSI500,252,4,cf_amount_ratio20_mean_chg20,0.26786205260006063
CSI500,252,4,cf_crowding_mom20_vol_ratio_chg20,0.2672379542802329
CSI500,252,4,cf_spread_amount20_next_concentration_z,0.25978115254023354
CSI500,252,4,cf_crowding_mom20_amount_ratio_chg20,0.25412520451308906
CSI500,252,4,cf_weight_concentration_top20,0.2534704044665474
CSI500,252,4,cf_crowding_amount20_vol_ratio,0.2532978131186259
CSI500,252,4,cf_amount_ratio20_top20_chg20,0.2524886736514588
CSI500,252,4,cf_coverage,0.2515053863345655
CSI500,252,4,cf_spread_mom20_next_concentration_chg20,0.25032227433865445
CSI500,252,4,cf_crowding_amount20_vol_ratio_chg20,0.24892470007554637
CSI500,252,4,cf_crowding_amount20_amount_ratio_chg20,0.24879450668457542
CSI500,252,4,cf_up_ratio_1d,0.2479453656389608
CSI500,252,6,cf_crowding_mom20_vol_ratio_chg20,0.17950556646241123
CSI500,252,6,cf_spread_amount20_next_concentration_z,0.17589553141893738
CSI500,252,6,cf_crowding_mom20_amount_ratio_chg20,0.16918745388295434
CSI500,252,6,cf_crowding_amount20_vol_ratio,0.16902611144609106
CSI500,252,6,cf_weight_concentration_top20,0.1689799027118053
CSI500,252,6,cf_amount_ratio20_top20_chg20,0.1682762220274745
CSI500,252,6,cf_amount_ratio20_mean_chg20,0.16814246790836793
CSI500,252,6,cf_crowding_amount20_amount_ratio_chg20,0.16683180863206135
CSI500,252,6,cf_coverage,0.16655886919122329
CSI500,252,6,cf_spread_mom20_next_concentration_chg20,0.16650307994105937
CSI500,252,6,cf_crowding_amount20_beta_ratio,0.1662230882056415
CSI500,252,6,cf_crowding_amount20_amount_ratio,0.16564901742735538
CSI500,252,8,cf_spread_amount20_next_concentration_z,0.13699102330974405
CSI500,252,8,cf_crowding_mom20_vol_ratio_chg20,0.1346210443948473
CSI500,252,8,cf_spread_mom20_next_concentration_chg20,0.12872868142048713
CSI500,252,8,cf_crowding_mom20_amount_ratio_chg20,0.12868417262105153
CSI500,252,8,cf_crowding_amount20_beta_ratio,0.12842384190285686
CSI500,252,8,cf_crowding_amount20_amount_ratio,0.12797667178704944
CSI500,252,8,cf_crowding_amount20_vol_ratio,0.1279350336847626
CSI500,252,8,cf_weight_concentration_top20,0.1273026316606272
CSI500,252,8,cf_coverage,0.12662022577370244
CSI500,252,8,cf_crowding_amount20_amount_ratio_chg20,0.12607468260109705
CSI500,252,8,cf_mom20_dispersion_chg20,0.12574952870587044
CSI500,252,8,cf_amount_concentration_top20,0.12555006429775115
CSI500,504,4,cf_crowding_amount20_vol_ratio_chg20,0.26267355943621834
CSI500,504,4,cf_crowding_amount20_amount_ratio_chg20,0.2533962702608339
CSI500,504,4,cf_amount_ratio20_mean_chg20,0.2530468298701794
CSI500,504,4,cf_crowding_mom20_vol_ratio_chg20,0.2452549346518736
CSI500,504,4,cf_amount_ratio20_top20_chg20,0.24420961743854117
CSI500,504,4,cf_amount_ratio20_top20,0.24339750587174466
CSI500,504,4,cf_crowding_mom20_amount_ratio_chg20,0.24195612026717153
CSI500,504,4,cf_spread_mom20_next_concentration_chg20,0.24039014368815484
CSI500,504,4,cf_crowding_amount20_amount_ratio,0.23905063768242327
CSI500,504,4,cf_crowding_amount20_amp_ratio,0.22788471901349525
CSI500,504,6,cf_crowding_amount20_vol_ratio_chg20,0.17819400216141162
CSI500,504,6,cf_crowding_amount20_amount_ratio_chg20,0.17180581871330658
CSI500,504,6,cf_amount_ratio20_mean_chg20,0.17103738726842377
CSI500,504,6,cf_amount_ratio20_top20_chg20,0.16415814086178265
CSI500,504,6,cf_spread_mom20_next_concentration_chg20,0.16348029205642808
CSI500,504,6,cf_amount_ratio20_top20,0.16291988837391205
CSI500,504,6,cf_crowding_mom20_vol_ratio_chg20,0.16243546038122447
CSI500,504,6,cf_crowding_mom20_amount_ratio_chg20,0.16129302926039019
CSI500,504,6,cf_crowding_amount20_amount_ratio_z,0.15993994763659142
CSI500,504,6,cf_crowding_amount20_amp_ratio,0.15929241899258081
CSI500,504,6,cf_crowding_amount20_vol_ratio,0.1587556393561309
CSI500,504,6,cf_amount_concentration_top20,0.15744786514869916
CSI500,504,8,cf_crowding_amount20_vol_ratio_chg20,0.13689377507340422
CSI500,504,8,cf_crowding_amount20_amount_ratio_chg20,0.13197579304386717
CSI500,504,8,cf_amount_ratio20_mean_chg20,0.13141825024386686
CSI500,504,8,cf_amount_ratio20_top20_chg20,0.12553955573944292
CSI500,504,8,cf_crowding_mom20_vol_ratio_chg20,0.12473467907086991
CSI500,504,8,cf_crowding_mom20_amount_ratio_chg20,0.12312154766803687
CSI500,504,8,cf_crowding_amount20_amount_ratio,0.12001495097113547
CSI500,504,8,cf_spread_mom20_next_concentration_chg20,0.11965318798896141
CSI500,504,8,cf_crowding_amount20_amp_ratio,0.11889917713676476
CSI500,504,8,cf_amount_concentration_top20,0.11866847240024346
CSI500,504,8,cf_crowding_amount20_beta_ratio,0.11859724074342741
CSI500,504,8,cf_crowding_amount20_vol_ratio,0.11804908728511929
CSI1000,126,4,cf_crowding_mom20_beta_ratio_chg20,0.3263430446834856
CSI1000,126,4,cf_above_ma20_ratio_z,0.3244825228793609
CSI1000,126,4,cf_crowding_amount20_beta_ratio_chg20,0.2800883103925902
CSI1000,126,4,cf_crowding_mom20_amp_ratio_z,0.2670342596462614
CSI1000,126,4,cf_crowding_mom20_amount_ratio_chg20,0.2627075783735924
CSI1000,126,4,cf_crowding_amount20_vol_ratio_z,0.2598175202285844
CSI1000,126,4,cf_amount_concentration_top20_z,0.2596383689057967
CSI1000,126,4,cf_weight_concentration_top20,0.25758991295205164
CSI1000,126,4,cf_mom20_dispersion,0.25593146477984785
CSI1000,126,4,cf_crowding_mom20_vol_ratio_chg20,0.2538896847461814
CSI1000,126,4,cf_mom20_dispersion_chg20,0.2538627988398054
CSI1000,126,4,cf_weighted_above_ma20_z,0.25130575656522
CSI1000,126,6,cf_above_ma20_ratio_z,0.24517707768657745
CSI1000,126,6,cf_weighted_above_ma20_z,0.22300029479933842
CSI1000,126,6,cf_crowding_mom20_beta_ratio_chg20,0.2157808895083546
CSI1000,126,6,cf_crowding_mom20_beta_ratio_z,0.17995936900368725
CSI1000,126,6,cf_crowding_amount20_vol_ratio_z,0.1764265981712465
CSI1000,126,6,cf_weight_concentration_top20,0.1762044031992144
CSI1000,126,6,cf_crowding_mom20_amount_ratio_chg20,0.17593015853818456
CSI1000,126,6,cf_mom20_dispersion,0.1736659380341377
CSI1000,126,6,cf_mom20_dispersion_chg20,0.17206651513986385
CSI1000,126,6,cf_amount_concentration_top20_z,0.1708073560049684
CSI1000,126,6,cf_crowding_mom20_amp_ratio_z,0.1697067821170045
CSI1000,126,6,cf_limit_up_like_ratio,0.16797919093302122
CSI1000,126,8,cf_weighted_above_ma20_z,0.2156240993634769
CSI1000,126,8,cf_above_ma20_ratio_z,0.19685864829297345
CSI1000,126,8,cf_crowding_mom20_beta_ratio_chg20,0.1686552835746791
CSI1000,126,8,cf_crowding_mom20_beta_ratio_z,0.1414736530278303
CSI1000,126,8,cf_crowding_mom20_amount_ratio_chg20,0.13497525814842748
CSI1000,126,8,cf_weight_concentration_top20,0.13487902401248425
CSI1000,126,8,cf_crowding_mom20_amp_ratio_z,0.13427564305408435
CSI1000,126,8,cf_crowding_amount20_vol_ratio_z,0.13424883395404114
CSI1000,126,8,cf_mom20_dispersion,0.13169659332067435
CSI1000,126,8,cf_limit_up_like_ratio,0.13091419749874084
CSI1000,126,8,cf_mom20_dispersion_chg20,0.13077136651394078
CSI1000,126,8,cf_mom60_dispersion,0.13029983806823012
CSI1000,252,4,cf_coverage,0.2608721271232243
CSI1000,252,4,cf_crowding_mom20_beta_ratio_chg20,0.259210270984039
CSI1000,252,4,cf_crowding_mom20_vol_ratio_chg20,0.2578392713914581
CSI1000,252,4,cf_weight_concentration_top20,0.252803326652535
CSI1000,252,4,cf_amount_ratio20_mean_chg20,0.24998358087439848
CSI1000,252,4,cf_crowding_mom20_amount_ratio_chg20,0.24995447808773086
CSI1000,252,4,cf_crowding_amount20_amp_ratio,0.2497675962331666
CSI1000,252,4,cf_mom20_dispersion_chg20,0.2492309029294737
CSI1000,252,4,cf_amp20_mean,0.24864427538724934
CSI1000,252,4,cf_crowding_amount20_beta_ratio,0.24805251628612632
CSI1000,252,4,cf_spread_amount20_next_concentration,0.24734632192342632
CSI1000,252,4,cf_amount_ratio20_top20_chg20,0.24697422231962365
CSI1000,252,6,cf_coverage,0.1775437738824528
CSI1000,252,6,cf_crowding_mom20_beta_ratio_chg20,0.17676063383843463
CSI1000,252,6,cf_crowding_mom20_vol_ratio_chg20,0.173422496965967
CSI1000,252,6,cf_weight_concentration_top20,0.1717863168305978
CSI1000,252,6,cf_crowding_amount20_amp_ratio,0.1696380782685081
CSI1000,252,6,cf_amp20_mean,0.16929927163043026
CSI1000,252,6,cf_crowding_mom20_amount_ratio_chg20,0.16902217522869287
CSI1000,252,6,cf_amount_ratio20_mean_chg20,0.16816935568414296
CSI1000,252,6,cf_crowding_amount20_beta_ratio,0.16789754583808209
CSI1000,252,6,cf_amount_ratio20_top20_chg20,0.16743782745161656
CSI1000,252,6,cf_spread_amount20_next_concentration,0.16686081842738068
CSI1000,252,6,cf_mom20_dispersion_chg20,0.16660411830241356
CSI1000,252,8,cf_crowding_mom20_beta_ratio_chg20,0.13536921633242896
CSI1000,252,8,cf_coverage,0.1345986108533119
CSI1000,252,8,cf_amp20_mean,0.12982389902626762
CSI1000,252,8,cf_weight_concentration_top20,0.12972849930921532
CSI1000,252,8,cf_crowding_mom20_amount_ratio_chg20,0.1283520639830588
CSI1000,252,8,cf_crowding_amount20_amp_ratio,0.1276638354345396
CSI1000,252,8,cf_amount_ratio20_top20_chg20,0.12747106298445834
CSI1000,252,8,cf_spread_amount20_next_concentration,0.1268351031869944
CSI1000,252,8,cf_crowding_amount20_beta_ratio,0.12538772131681925
CSI1000,252,8,cf_crowding_amount20_amount_ratio,0.12538331622610252
CSI1000,252,8,cf_crowding_mom20_vol_ratio_chg20,0.12480985323907916
CSI1000,252,8,cf_crowding_amount20_vol_ratio,0.12391058797740137
CSI1000,504,4,cf_amount_ratio20_top20_chg20,0.26398745145006003
CSI1000,504,4,cf_amount_ratio20_mean_chg20,0.2632213354864753
CSI1000,504,4,cf_mom20_dispersion_chg20,0.25763291597864774
CSI1000,504,4,cf_amount_ratio20_top20,0.2544390838792039
CSI1000,504,4,cf_crowding_amount20_vol_ratio,0.2518105739882106
CSI1000,504,4,cf_coverage,0.2505332761617047
CSI1000,504,4,cf_crowding_mom20_vol_ratio_chg20,0.247472667463634
CSI1000,504,4,cf_crowding_amount20_beta_ratio,0.2457775170845287
CSI1000,504,4,cf_crowding_amount20_amount_ratio,0.24573789157920636
CSI1000,504,4,cf_crowding_mom20_amount_ratio_chg20,0.2430279521617965
CSI1000,504,4,cf_crowding_amount20_amount_ratio_chg20,0.24243700698728726
CSI1000,504,4,cf_amount_ratio20_mean_z,0.2386392639207204
CSI1000,504,6,cf_amount_ratio20_top20_chg20,0.17340489762400524
CSI1000,504,6,cf_amount_ratio20_top20,0.17194841992656132
CSI1000,504,6,cf_amount_ratio20_mean_chg20,0.1707884881635987
CSI1000,504,6,cf_mom20_dispersion_chg20,0.1687511884965625
CSI1000,504,6,cf_coverage,0.16783343125524355
CSI1000,504,6,cf_crowding_amount20_vol_ratio,0.16721896033012734
CSI1000,504,6,cf_crowding_amount20_amount_ratio_chg20,0.16465282873908102
CSI1000,504,6,cf_crowding_mom20_vol_ratio_chg20,0.16465073210630388
CSI1000,504,6,cf_crowding_amount20_amount_ratio,0.16417733385567768
CSI1000,504,6,cf_crowding_amount20_beta_ratio,0.16388033070711644
CSI1000,504,6,cf_crowding_amount20_amp_ratio,0.16234135254241241
CSI1000,504,6,cf_limit_up_like_ratio,0.16103661849138268
CSI1000,504,8,cf_amount_ratio20_top20_chg20,0.1328230591895624
CSI1000,504,8,cf_amount_ratio20_top20,0.13133801552917337
CSI1000,504,8,cf_amount_ratio20_mean_chg20,0.13094604627084608
CSI1000,504,8,cf_mom20_dispersion_chg20,0.12895367783916828
CSI1000,504,8,cf_crowding_amount20_vol_ratio,0.1268243604322818
CSI1000,504,8,cf_coverage,0.12605625068550658
CSI1000,504,8,cf_crowding_mom20_vol_ratio_chg20,0.12495795983767084
CSI1000,504,8,cf_crowding_amount20_amount_ratio_chg20,0.12383608554135596
CSI1000,504,8,cf_crowding_amount20_amount_ratio,0.12344440699352129
CSI1000,504,8,cf_crowding_amount20_amp_ratio,0.1232744106433379
CSI1000,504,8,cf_crowding_amount20_beta_ratio,0.12251825420424337
CSI1000,504,8,cf_crowding_amount20_vol_ratio_chg20,0.12129247352943695
STAR50,126,4,cf_spread_mom20_next_concentration_chg20,0.27195997917998094
STAR50,126,4,cf_amount_concentration_top20_chg20,0.26624167551490496
STAR50,126,4,cf_spread_amount20_ret1d,0.25839758855786327
STAR50,126,4,cf_amount_ratio20_top20,0.25758484141197885
STAR50,126,4,cf_crowding_mom20_amount_ratio_chg20,0.25523287854880405
STAR50,126,4,cf_weighted_above_ma20_chg20,0.25404169905992424
STAR50,126,4,cf_amount_ratio20_mean_z,0.25338679490450494
STAR50,126,4,cf_amount_ratio20_mean,0.25074040650932466
STAR50,126,4,cf_mom20_dispersion,0.2507078842316423
STAR50,126,4,cf_mom60_dispersion,0.24924517326173734
STAR50,126,4,cf_amount_ratio20_top20_chg20,0.24834429222443613
STAR50,126,4,cf_weighted_above_ma20_z,0.24765853438179558
STAR50,126,6,cf_spread_mom20_ret1d,0.22583947583947578
STAR50,126,6,cf_amount_concentration_top20_z,0.19567073106377678
STAR50,126,6,cf_spread_amount20_ret1d,0.19119119650449287
STAR50,126,6,cf_spread_mom20_next_concentration_chg20,0.1893374599959909
STAR50,126,6,cf_amount_concentration_top20_chg20,0.18201255191120932
STAR50,126,6,cf_amount_ratio20_top20,0.17505130839508581
STAR50,126,6,cf_mom60_dispersion_z,0.174698516841473
STAR50,126,6,cf_crowding_mom20_amount_ratio_chg20,0.17407167864865467
STAR50,126,6,cf_weighted_above_ma20_chg20,0.17073370085244885
STAR50,126,6,cf_mom60_dispersion,0.16813818942082123
STAR50,126,6,cf_amount_ratio20_mean,0.16799892426262336
STAR50,126,6,cf_amount_ratio20_mean_chg20,0.16790791083602963
STAR50,126,8,cf_spread_mom20_ret1d,0.18447019471986617
STAR50,126,8,cf_amount_concentration_top20_z,0.16461091083062693
STAR50,126,8,cf_mom60_dispersion_z,0.16278530806459962
STAR50,126,8,cf_spread_amount20_ret1d,0.14514680811461467
STAR50,126,8,cf_spread_mom20_next_concentration_chg20,0.14282452486476888
STAR50,126,8,cf_crowding_mom20_beta_ratio_z,0.14263480368013554
STAR50,126,8,cf_amount_concentration_top20_chg20,0.13910428755514792
STAR50,126,8,cf_amount_ratio20_top20,0.13319792805696012
STAR50,126,8,cf_crowding_mom20_amount_ratio_chg20,0.13183485527015582
STAR50,126,8,cf_amount_ratio20_mean_chg20,0.1286083303702778
STAR50,126,8,cf_amount_ratio20_mean_z,0.1282029479512682
STAR50,126,8,cf_weighted_above_ma20_chg20,0.12687806993928444
STAR50,252,4,cf_amount_ratio20_top20,0.2582462745670711
STAR50,252,4,cf_spread_mom20_next_concentration_chg20,0.2577092287254356
STAR50,252,4,cf_crowding_mom20_vol_ratio_z,0.25657400842901384
STAR50,252,4,cf_crowding_mom20_amount_ratio_chg20,0.25601038079148625
STAR50,252,4,cf_amount_ratio20_mean_chg20,0.25214931262218265
STAR50,252,4,cf_coverage,0.24905552928180494
STAR50,252,4,cf_weight_concentration_top20,0.24792580537626116
STAR50,252,4,cf_mom60_dispersion,0.2477529615950047
STAR50,252,4,cf_mom20_dispersion,0.247446837930355
STAR50,252,4,cf_up_ratio_1d,0.24465885065740517
STAR50,252,4,cf_crowding_mom20_vol_ratio,0.24261536572881331
STAR50,252,4,cf_crowding_mom20_beta_ratio,0.24240852056141607
STAR50,252,6,cf_amount_ratio20_top20,0.17387462379760546
STAR50,252,6,cf_crowding_mom20_vol_ratio_z,0.17378210959764823
STAR50,252,6,cf_amount_ratio20_mean_chg20,0.171827495635113
STAR50,252,6,cf_spread_mom20_next_concentration_chg20,0.17139834839975754
STAR50,252,6,cf_crowding_mom20_amount_ratio_chg20,0.1681194740672025
STAR50,252,6,cf_coverage,0.1680379655438068
STAR50,252,6,cf_weight_concentration_top20,0.1670116394199078
STAR50,252,6,cf_mom60_dispersion,0.16581335965423524
STAR50,252,6,cf_mom20_dispersion,0.1652377425647691
STAR50,252,6,cf_crowding_mom20_vol_ratio,0.16243314101178874
STAR50,252,6,cf_amount_ratio20_mean,0.16234010032148657
STAR50,252,6,cf_amount_concentration_top20_chg20,0.16230633861481503
STAR50,252,8,cf_amount_ratio20_top20,0.1327103543532612
STAR50,252,8,cf_crowding_mom20_vol_ratio_z,0.13170519924911966
STAR50,252,8,cf_amount_ratio20_mean_chg20,0.13131749440091903
STAR50,252,8,cf_coverage,0.12588430186859276
STAR50,252,8,cf_spread_mom20_next_concentration_chg20,0.12542472224531995
STAR50,252,8,cf_mom20_dispersion,0.12532551367368477
STAR50,252,8,cf_mom60_dispersion,0.1251722907215353
STAR50,252,8,cf_weight_concentration_top20,0.1247449780377213
STAR50,252,8,cf_amount_ratio20_top20_chg20,0.12397165448596378
STAR50,252,8,cf_crowding_mom20_amount_ratio_chg20,0.12374151866241731
STAR50,252,8,cf_crowding_mom20_vol_ratio,0.12263716310770023
STAR50,252,8,cf_amount_ratio20_mean,0.12254008277853923
STAR50,504,4,cf_amount_ratio20_mean_chg20,0.27395768591273945
STAR50,504,4,cf_amount_ratio20_top20_chg20,0.2577831986380464
STAR50,504,4,cf_amount_ratio20_top20,0.24375158719052833
STAR50,504,4,cf_crowding_mom20_vol_ratio_z,0.2357813466305411
STAR50,504,4,cf_mom60_dispersion,0.23136002997477237
STAR50,504,4,cf_mom60_mean,0.2251526095194743
STAR50,504,4,cf_big_down_ratio_z,0.22071716649455364
STAR50,504,4,cf_amount_ratio20_mean,0.217576558075282
STAR50,504,4,cf_amount_ratio20_top20_z,0.20889420223896235
STAR50,504,6,cf_amount_ratio20_mean_chg20,0.19220554502708648
STAR50,504,6,cf_amount_ratio20_top20_chg20,0.18084447612919852
STAR50,504,6,cf_crowding_mom20_amount_ratio_z,0.17206051619191803
STAR50,504,6,cf_amount_ratio20_top20,0.17077751080605935
STAR50,504,6,cf_mom60_mean,0.1669699214350697
STAR50,504,6,cf_mom20_median,0.16286974329580312
STAR50,504,6,cf_crowding_mom20_vol_ratio_z,0.1616362163619922
STAR50,504,6,cf_mom60_dispersion,0.15876548955816738
STAR50,504,6,cf_mom20_mean,0.15738407924237524
STAR50,504,6,cf_spread_mom20_next_concentration_chg20,0.15623415199594293
STAR50,504,6,cf_crowding_mom20_beta_ratio,0.15499892781696603
STAR50,504,6,cf_mom20_dispersion,0.15467188003232119
STAR50,504,8,cf_amount_ratio20_mean_chg20,0.1502593410967286
STAR50,504,8,cf_amount_ratio20_top20_chg20,0.1414172605704245
STAR50,504,8,cf_mom20_median,0.13622985206489274
STAR50,504,8,cf_mom60_mean,0.13488942925732372
STAR50,504,8,cf_amount_ratio20_top20,0.13332581289538212
STAR50,504,8,cf_mom20_mean,0.12868573364060207
STAR50,504,8,cf_mom60_dispersion_z,0.1263758788994516
STAR50,504,8,cf_crowding_mom20_amount_ratio_z,0.12605771400447502
STAR50,504,8,cf_mom60_dispersion,0.12234537355920015
STAR50,504,8,cf_crowding_mom20_vol_ratio_z,0.12222440924316601
STAR50,504,8,cf_big_down_ratio_z,0.12007292957820913
STAR50,504,8,cf_amount_ratio20_mean,0.11865064452608132
